ryo_(tg290),ime_gg,"['ime', 'gg']","[44937, 1129]"
damao_yu,sym_oto,"['sym', 'oto']","[3645, 23946]"
scottie_(phantom2),emi_wul,"['emi', 'wul']","[44327, 35154]"
tsubasa_tsubasa,mbo_nys,"['mbo', 'nys']","[25733, 36375]"
grandia_lee,ime_lol,"['ime', 'lol']","[44937, 10721]"
misumi_(macaroni),ith_buu,"['ith', 'buu']","[6133, 42313]"
mignon,eg_lem,"['eg', 'lem']","[8053, 10213]"
ru_zhai,wie_bbq,"['wie', 'bbq']","[21378, 41270]"
shanyao_jiang_tororo,hg_abc,"['hg', 'abc']","[23986, 13137]"
okuma_mai,ris_cy,"['ris', 'cy']","[6108, 1470]"
duan_zhu,utr_etu,"['utr', 'etu']","[48726, 36593]"
banned_artist rurudo,ek_kcr,"['ek', 'kcr']","[4212, 46181]"
sonyaneko,jc_mca,"['jc', 'mca']","[14991, 40570]"
cogecha,boc_cr,"['boc', 'cr']","[27307, 1075]"
blazpu,cul_igu,"['cul', 'igu']","[1877, 21279]"
rella,hf_yun,"['hf', 'yun']","[26606, 14976]"
mika_pikazo,jee_ef,"['jee', 'ef']","[29250, 1490]"
anmi,jl_tm,"['jl', 'tm']","[25027, 9430]"
fallen-leaves,laz_idi,"['laz', 'idi']","[18806, 9611]"
3mptydays,pgh_klo,"['pgh', 'klo']","[44862, 15296]"
siragagaga,kak_mdc,"['kak', 'mdc']","[10401, 38773]"
neonbeat,aq_agh,"['aq', 'agh']","[14018, 17917]"
mushi024,meh_bec,"['meh', 'bec']","[10512, 6899]"
qtonagi,jv_tir,"['jv', 'tir']","[37932, 25467]"
banned_artist postal_mark_(tsu_qq),pj_ler,"['pj', 'ler']","[12524, 5587]"
sigm@,jak_byo,"['jak', 'byo']","[9225, 28039]"
cloba,heb_mt,"['heb', 'mt']","[24700, 4252]"
kouyafu,alz_uy,"['alz', 'uy']","[12936, 31929]"
akakura,syd_uc,"['syd', 'uc']","[4525, 4903]"
kerok_(joniko1110),lou_ito,"['lou', 'ito']","[2207, 22167]"
pumpkinspicelatte,moe_tom,"['moe', 'tom']","[38655, 999]"
kedama_milk,jic_kun,"['jic', 'kun']","[48350, 6849]"
konya_karasue,puc_ec,"['puc', 'ec']","[48779, 747]"
envyvanity,hn_hra,"['hn', 'hra']","[22905, 21320]"
hxxg,ib_idi,"['ib', 'idi']","[3962, 9611]"
dsmile,ood_uli,"['ood', 'uli']","[16429, 41841]"
superpig,yof_oku,"['yof', 'oku']","[5966, 45010]"
7tkei,csi_deo,"['csi', 'deo']","[41750, 26406]"
bumcha,hra_sq,"['hra', 'sq']","[21320, 9370]"
jima,evi_ymc,"['evi', 'ymc']","[5348, 47101]"
cirilla_lin,pl_dic,"['pl', 'dic']","[712, 1404]"
uzu_(uzu_xon),ny_wsu,"['ny', 'wsu']","[1383, 44674]"
yumenone_(conectarts),mtv_iy,"['mtv', 'iy']","[8099, 13704]"
mochizuki_kei,ac_zul,"['ac', 'zul']","[546, 31146]"
sanma_(tabet_),yd_nr,"['yd', 'nr']","[29896, 6574]"
si10ra,koz_eis,"['koz', 'eis']","[29598, 13802]"
hikap,nz_apu,"['nz', 'apu']","[10142, 22166]"
yofuraruto,wal_ime,"['wal', 'ime']","[1056, 44937]"
kazari_tayu,fla_cis,"['fla', 'cis']","[1577, 9459]"
kotarou_(kot_mochi),xan_vou,"['xan', 'vou']","[45530, 11045]"
mosh_mallow,meg_pmo,"['meg', 'pmo']","[11500, 18782]"
deep_(deep4946),afe_pf,"['afe', 'pf']","[30487, 16680]"
ciloranko,org_lul,"['org', 'lul']","[3401, 20861]"
junro,xin_pmo,"['xin', 'pmo']","[27053, 18782]"
suzaku_(zaku6584),caz_bbq,"['caz', 'bbq']","[48451, 41270]"
sion001250,dix_kaj,"['dix', 'kaj']","[45838, 44788]"
yagi_(shiro_yagi),wx_muj,"['wx', 'muj']","[18192, 44635]"
hitogome,ack_ctu,"['ack', 'ctu']","[877, 20834]"
nat_nim,ity_koz,"['ity', 'koz']","[2480, 29598]"
shigure_ui,ord_vre,"['ord', 'vre']","[26903, 44500]"
hinamori_(m_nmy01),ver_wt,"['ver', 'wt']","[624, 15873]"
machi_(wm),kx_fom,"['kx', 'fom']","[28190, 34540]"
onacia,sz_rhy,"['sz', 'rhy']","[13438, 7740]"
tuoer,ij_ct,"['ij', 'ct']","[7337, 3381]"
yue_(shemika98425261),tj_wu,"['tj', 'wu']","[18890, 9710]"
modare,kud_gui,"['kud', 'gui']","[40818, 2587]"
yunouou10,cs_naf,"['cs', 'naf']","[11978, 16161]"
yoon_cook,jen_hil,"['jen', 'hil']","[2554, 3508]"
bbeedol,rha_ghj,"['rha', 'ghj']","[19473, 38439]"
da_tengzi,az_faz,"['az', 'faz']","[854, 26238]"
shuiyaoximushi,een_hec,"['een', 'hec']","[47490, 18932]"
novelance,oli_ino,"['oli', 'ino']","[3811, 4211]"
pla4neta,yay_zid,"['yay', 'zid']","[20614, 30235]"
maeya_susumu,fil_ald,"['fil', 'ald']","[1142, 4539]"
nocopyrightgirl,kum_abi,"['kum', 'abi']","[18086, 16867]"
rintaro_komori,ved_rei,"['ved', 'rei']","[19515, 15343]"
ngtnognsn,der_dav,"['der', 'dav']","[839, 3700]"
zutsuyaku,som_sko,"['som', 'sko']","[734, 15141]"
mele_ck,pha_jom,"['pha', 'jom']","[4443, 32152]"
honnryou_hanaru,eid_pti,"['eid', 'pti']","[28038, 29375]"
nykim0915,nax_nis,"['nax', 'nis']","[38299, 5609]"
pokimari,ap_mg,"['ap', 'mg']","[688, 10003]"
richard_viii,cyn_eth,"['cyn', 'eth']","[14324, 4819]"
u_u_zan,und_hor,"['und', 'hor']","[9762, 1407]"
tokuno_yuika,fis_bhu,"['fis', 'bhu']","[7846, 9172]"
eggplus,cdn_dv,"['cdn', 'dv']","[8886, 4288]"
pkpkpppk,sre_hea,"['sre', 'hea']","[17748, 27150]"
seveneightdu,rar_fif,"['rar', 'fif']","[26819, 5309]"
arutera banned_artist,sy_fah,"['sy', 'fah']","[974, 25495]"
spider_apple,nxt_twe,"['nxt', 'twe']","[35037, 18365]"
afternooners,uon_ceo,"['uon', 'ceo']","[48144, 46340]"
rikui_(rella2930),rei_mt,"['rei', 'mt']","[15343, 4252]"
kuo_(kuo114514),sso_gye,"['sso', 'gye']","[25900, 21728]"
arin_(fanfan013),ith_ld,"['ith', 'ld']","[6133, 1431]"
litsvn,rik_ryo,"['rik', 'ryo']","[31136, 24460]"
heart_(z603458jj6),apr_nac,"['apr', 'nac']","[39396, 14557]"
maimuro,tof_ke,"['tof', 'ke']","[6659, 643]"
yunsang,kk_sna,"['kk', 'sna']","[4390, 4032]"
banned_artist dogdogbhh,kaj_tc,"['kaj', 'tc']","[44788, 6820]"
houtei9,bir_gic,"['bir', 'gic']","[921, 27900]"
chyan,duf_uki,"['duf', 'uki']","[38713, 37435]"
yd_(orange_maru),yyc_odu,"['yyc', 'odu']","[27542, 35095]"
hiko_(scape),beh_xie,"['beh', 'xie']","[21971, 40122]"
jiuyesang,rha_yt,"['rha', 'yt']","[19473, 36777]"
chiemo_(xcem),gm_hc,"['gm', 'hc']","[18743, 15831]"
zi_terani,bie_anc,"['bie', 'anc']","[5561, 1124]"
lynchis,raf_pei,"['raf', 'pei']","[11495, 48166]"
roitz_(_roitz_),chs_emp,"['chs', 'emp']","[40277, 3831]"
kurikabacha,nah_ian,"['nah', 'ian']","[26421, 7723]"
yean,ue_ffy,"['ue', 'ffy']","[16696, 26404]"
rumoon,kes_oux,"['kes', 'oux']","[38398, 40960]"
sako_(35s_00),csi_whi,"['csi', 'whi']","[41750, 4295]"
ter_(otokoter),mg_yi,"['mg', 'yi']","[10003, 5826]"
han-0v0,oci_ead,"['oci', 'ead']","[9891, 42556]"
cyobiro,exo_abs,"['exo', 'abs']","[15600, 18431]"
deadprince,gni_uof,"['gni', 'uof']","[5104, 11155]"
yukihira_makoto,byz_tg,"['byz', 'tg']","[35406, 7665]"
fu-ta,dur_aso,"['dur', 'aso']","[4355, 30343]"
zero_(miraichizu),cd_pd,"['cd', 'pd']","[4308, 4387]"
zhibuji_loom,ori_ft,"['ori', 'ft']","[1540, 3391]"
rsef,oun_mcl,"['oun', 'mcl']","[636, 49021]"
banned_artist midori_foo,umb_moc,"['umb', 'moc']","[7493, 41439]"
banned_artist liita_(dusk_snow),zoe_tof,"['zoe', 'tof']","[43114, 6659]"
lobelia_(saclia),kir_ct,"['kir', 'ct']","[3476, 3381]"
yako_mashiro,ced_cip,"['ced', 'cip']","[25634, 32884]"
isshiki_(ffmania7),gi_kie,"['gi', 'kie']","[707, 8544]"
nokoru_sora,ony_aph,"['ony', 'aph']","[9490, 16341]"
tokkihouse,iam_amo,"['iam', 'amo']","[3579, 4833]"
so-bin,myo_ung,"['myo', 'ung']","[16206, 10439]"
chon_(chon33v),boc_wac,"['boc', 'wac']","[27307, 27445]"
nekomugiharu,egy_kyr,"['egy', 'kyr']","[5224, 26329]"
marumoru,bli_syl,"['bli', 'syl']","[1450, 6452]"
yoneyama_mai,aud_kew,"['aud', 'kew']","[16107, 38014]"
mogumo,dge_noc,"['dge', 'noc']","[4016, 16988]"
omutatsu,irl_vak,"['irl', 'vak']","[34494, 16288]"
rolua,kho_aak,"['kho', 'aak']","[14022, 37739]"
riri_(ri0177),oru_nes,"['oru', 'nes']","[44629, 5457]"
hitokoto,zzy_daz,"['zzy', 'daz']","[21275, 15449]"
chyoel,abe_bab,"['abe', 'bab']","[15856, 1202]"
chi4,usa_kyr,"['usa', 'kyr']","[9491, 26329]"
han_yijie,iw_vit,"['iw', 'vit']","[13058, 4056]"
magotsuki_(hurray),een_klu,"['een', 'klu']","[47490, 21852]"
freng,jee_unf,"['jee', 'unf']","[29250, 29285]"
neco,taf_lv,"['taf', 'lv']","[29660, 10862]"
shokuen_(oxstl),voy_aki,"['voy', 'aki']","[10622, 18173]"
miwano_rag,knu_inc,"['knu', 'inc']","[14812, 14570]"
z3zz4,nw_yur,"['nw', 'yur']","[7826, 42533]"
blade_(galaxist),vai_kof,"['vai', 'kof']","[26893, 17528]"
saitou_masatsugu,oon_lp,"['oon', 'lp']","[35651, 22282]"
nadegata,msd_oo,"['msd', 'oo']","[25804, 574]"
sankichi_(croquette_crab),afe_jyo,"['afe', 'jyo']","[30487, 27378]"
nekojira,ofi_nes,"['ofi', 'nes']","[36692, 5457]"
aspara,iw_ces,"['iw', 'ces']","[13058, 28715]"
nishikikope,ib_rei,"['ib', 'rei']","[3962, 15343]"
yurun_(yurun_ume),dt_fri,"['dt', 'fri']","[13104, 815]"
daluto_(hitomi555),gic_moe,"['gic', 'moe']","[27900, 38655]"
swd3e2,mlb_gf,"['mlb', 'gf']","[21039, 28953]"
nes_(nes_402),bly_eci,"['bly', 'eci']","[20930, 31936]"
banned_artist lirseven,eag_rm,"['eag', 'rm']","[3743, 20202]"
diverse_system mika_pikazo,tem_kev,"['tem', 'kev']","[2404, 22758]"
yuge_(mkmk),ecu_wic,"['ecu', 'wic']","[13087, 7834]"
momoko_(momopoco),sel_puj,"['sel', 'puj']","[1000, 46163]"
lpip,zab_jah,"['zab', 'jah']","[22982, 20067]"
sinobi_illust,gz_sru,"['gz', 'sru']","[45937, 44152]"
ababarion,sek_aas,"['sek', 'aas']","[45515, 28542]"
huaji_niang,vic_vt,"['vic', 'vt']","[1555, 31732]"
vihua6,cma_sj,"['cma', 'sj']","[30554, 7536]"
chongzhen_085,bs_ph,"['bs', 'ph']","[11783, 745]"
gawako,nur_iom,"['nur', 'iom']","[3920, 33000]"
mo:oku,sav_fs,"['sav', 'fs']","[2248, 23699]"
achiki,eto_nad,"['eto', 'nad']","[27829, 6204]"
syhan,eri_aqu,"['eri', 'aqu']","[2769, 4458]"
pipi,sci_nbc,"['sci', 'nbc']","[2267, 9352]"
723/nanahumi,koo_loc,"['koo', 'loc']","[12225, 1378]"
heirou,vip_mes,"['vip', 'mes']","[45714, 28432]"
rin_yuu,wak_byz,"['wak', 'byz']","[11172, 35406]"
kanzarin,bak_iot,"['bak', 'iot']","[4059, 32694]"
,gz_vue,"['gz', 'vue']","[45937, 43915]"
aiko_(kanl) banned_artist,zom_ved,"['zom', 'ved']","[6623, 19515]"
akizero1510,mf_syd,"['mf', 'syd']","[18199, 4525]"
alicecoco,rez_esk,"['rez', 'esk']","[27597, 19359]"
anataa,jou_ext,"['jou', 'ext']","[19921, 5711]"
green_night,lma_kio,"['lma', 'kio']","[4493, 28210]"
ata-zhubo,mam_omi,"['mam', 'omi']","[4404, 24097]"
kincora,var_aon,"['var', 'aon']","[3187, 30928]"
hasisisissy,mtv_sgo,"['mtv', 'sgo']","[8099, 5393]"
beudelb,cli_hr,"['cli', 'hr']","[1503, 4810]"
captain_yue,nrl_ahi,"['nrl', 'ahi']","[27142, 45349]"
soungruan_mian_mao,bk_oto,"['bk', 'oto']","[15099, 23946]"
uekura_eku,kho_tc,"['kho', 'tc']","[14022, 6820]"
matsuo_shogo,fol_xe,"['fol', 'xe']","[1106, 42886]"
a_fangfang_fang_fang,oun_dhi,"['oun', 'dhi']","[636, 31553]"
liangban_xiexu,apu_jd,"['apu', 'jd']","[22166, 18289]"
kakeami,ky_ll,"['ky', 'll']","[2018, 1657]"
jun_(aousa0328),jor_sth,"['jor', 'sth']","[2482, 13456]"
mura_karuki,nax_gov,"['nax', 'gov']","[38299, 4022]"
waterkuma,swe_riz,"['swe', 'riz']","[2350, 18426]"
m1stm1,uj_kwa,"['uj', 'kwa']","[33266, 32784]"
novela_kudasai,swi_dh,"['swi', 'dh']","[3881, 6669]"
yuubarish,kol_evi,"['kol', 'evi']","[7142, 5348]"
tanjiu,sze_gho,"['sze', 'gho']","[44507, 4307]"
topia,ci_yum,"['ci', 'yum']","[698, 6869]"
lebring,mai_bc,"['mai', 'bc']","[7138, 3116]"
swkl:d,pou_jur,"['pou', 'jur']","[9423, 15896]"
linfi-muu,fw_ido,"['fw', 'ido']","[23934, 6763]"
fkey,fj_eul,"['fj', 'eul']","[43183, 46749]"
kinty,bri_ou,"['bri', 'ou']","[1036, 520]"
yahiro_(heartseek000),css_vo,"['css', 'vo']","[41418, 947]"
wakagi_repa,zyn_omg,"['zyn', 'omg']","[45287, 35233]"
white_xxxx,ext_zur,"['ext', 'zur']","[5711, 17128]"
kazane-wind,oly_bm,"['oly', 'bm']","[20323, 4773]"
suzumi_(ccroquette),uma_uss,"['uma', 'uss']","[29982, 11545]"
leviathan_(hikinito0902),mbo_ghi,"['mbo', 'ghi']","[25733, 22436]"
anzu0130,smo_aig,"['smo', 'aig']","[2513, 27295]"
unxi,vn_nxt,"['vn', 'nxt']","[47098, 35037]"
dduck_kong,rus_qi,"['rus', 'qi']","[35811, 25054]"
esu_3101,iy_unt,"['iy', 'unt']","[13704, 19654]"
nozomi_fuuten,tas_bhu,"['tas', 'bhu']","[6538, 9172]"
ikeuchi_tanuma,lr_ghe,"['lr', 'ghe']","[20572, 10754]"
sohin,zid_riz,"['zid', 'riz']","[30235, 18426]"
kisaragi_yuu_(fallen_sky),twe_bau,"['twe', 'bau']","[18365, 6055]"
ekina_(1217),mcr_aji,"['mcr', 'aji']","[29884, 26102]"
motto_(night_wear),sne_aze,"['sne', 'aze']","[3791, 41157]"
yakob_labo,kx_acu,"['kx', 'acu']","[28190, 9204]"
ideolo,lef_tn,"['lef', 'tn']","[9152, 3827]"
io_(sinking=carousel),nsc_emy,"['nsc', 'emy']","[32792, 31076]"
oouso,amb_tx,"['amb', 'tx']","[9042, 6636]"
tetori_rina,co_bb,"['co', 'bb']","[622, 1174]"
chungu,roh_px,"['roh', 'px']","[14933, 24790]"
yoshioka_(haco),poo_sd,"['poo', 'sd']","[6601, 3080]"
reset,sch_ita,"['sch', 'ita']","[844, 36920]"
pottsness,pak_vr,"['pak', 'vr']","[13186, 16840]"
okku,cz_liv,"['cz', 'liv']","[22898, 13895]"
taya_oco,bil_smu,"['bil', 'smu']","[3092, 10878]"
hanato_(seonoaiko),ini_poz,"['ini', 'poz']","[6154, 39953]"
horiizumi_inko,pw_ucd,"['pw', 'ucd']","[19419, 44746]"
sakusya2honda,ac_omy,"['ac', 'omy']","[546, 40805]"
shiomi_(lowrise),kol_fau,"['kol', 'fau']","[7142, 5571]"
red_(girllove),rau_klu,"['rau', 'klu']","[27744, 21852]"
fuzichoco,moc_dav,"['moc', 'dav']","[41439, 3700]"
hiten_(hitenkei),ob_mbo,"['ob', 'mbo']","[1411, 25733]"
tennohi,fic_kyr,"['fic', 'kyr']","[1788, 26329]"
shycocoa,att_chs,"['att', 'chs']","[1017, 40277]"
u_tnmn,npr_cau,"['npr', 'cau']","[39941, 1121]"
pilulu,je_kel,"['je', 'kel']","[1013, 2825]"
karohroka,agu_alu,"['agu', 'alu']","[3922, 4776]"
banned_artist parsley-f,yaz_nus,"['yaz', 'nus']","[19348, 25157]"
yoo_(tabi_no_shiori),ese_kul,"['ese', 'kul']","[18766, 11325]"
sl86,ars_sne,"['ars', 'sne']","[42815, 3791]"
yajuu,mut_aph,"['mut', 'aph']","[12598, 16341]"
ohisashiburi,ane_yog,"['ane', 'yog']","[5846, 34985]"
izumi_sai,mpg_ig,"['mpg', 'ig']","[39830, 1089]"
lo-ta,ldn_nx,"['ldn', 'nx']","[37050, 18810]"
ume_(plumblossom),bau_heb,"['bau', 'heb']","[6055, 24700]"
waterswing,vix_ld,"['vix', 'ld']","[28976, 1431]"
sawamaharu,sth_pv,"['sth', 'pv']","[13456, 14517]"
krin,lli_ick,"['lli', 'ick']","[47015, 1168]"
chocoan,vre_fug,"['vre', 'fug']","[44500, 29227]"
isaya_(pixiv4541633),uuu_stu,"['uuu', 'stu']","[44355, 858]"
rai_(97417),bou_ald,"['bou', 'ald']","[3728, 4539]"
nahaki,fr_liz,"['fr', 'liz']","[936, 8632]"
qqmng,tty_djo,"['tty', 'djo']","[11457, 19432]"
jdge,az_lem,"['az', 'lem']","[854, 10213]"
banned_artist nay_akane,tyr_ng,"['tyr', 'ng']","[15590, 10352]"
garin,ris_ske,"['ris', 'ske']","[6108, 6261]"
snow_is,fax_lif,"['fax', 'lif']","[32535, 16456]"
amonitto,bau_cbs,"['bau', 'cbs']","[6055, 16788]"
ibara_dance,mt_oxi,"['mt', 'oxi']","[4252, 33731]"
kurokuma_(kuro_kumagaya),rus_sso,"['rus', 'sso']","[35811, 25900]"
ajimita,wb_aor,"['wb', 'aor']","[10726, 32044]"
cenangam,kc_uni,"['kc', 'uni']","[10869, 1107]"
sara_manta,lu_ck,"['lu', 'ck']","[664, 916]"
tamomoko,vou_yeg,"['vou', 'yeg']","[11045, 16854]"
byuey,nca_viz,"['nca', 'viz']","[6921, 28251]"
ask_(askzy),chu_stv,"['chu', 'stv']","[3799, 27060]"
unagi_(nakaelric),jai_mm,"['jai', 'mm']","[10542, 1028]"
hy_(hem_oo),ia_beh,"['ia', 'beh']","[12486, 21971]"
9degree banned_artist,ovo_onu,"['ovo', 'onu']","[41920, 44142]"
alchemaniac,oth_nct,"['oth', 'nct']","[33262, 27723]"
dingding_(chongsangjun),moe_geh,"['moe', 'geh']","[38655, 30320]"
hoojiro,isi_mc,"['isi', 'mc']","[7233, 1278]"
kiduki,ii_sze,"['ii', 'sze']","[5103, 44507]"
shi_oo,ag_je,"['ag', 'je']","[602, 1013]"
auui,tv_et,"['tv', 'et']","[3197, 1169]"
banned_artist icomochi,zyn_lud,"['zyn', 'lud']","[45287, 14288]"
hiranko,tle_suk,"['tle', 'suk']","[39141, 24820]"
ne-on,spe_ocr,"['spe', 'ocr']","[876, 45813]"
2t_(vmyz7342),dw_mof,"['dw', 'mof']","[8455, 30798]"
lack,br_sos,"['br', 'sos']","[711, 25145]"
raiya_atelier,meg_ilo,"['meg', 'ilo']","[11500, 4220]"
yyb,jav_ete,"['jav', 'ete']","[6234, 38820]"
maccha_(mochancc),gni_bim,"['gni', 'bim']","[5104, 46737]"
ttk_(kirinottk),ei_mtn,"['ei', 'mtn']","[4006, 26041]"
gemi,sz_blk,"['sz', 'blk']","[13438, 42950]"
user_shky3348,kid_jai,"['kid', 'jai']","[3948, 10542]"
fabri,rp_gg,"['rp', 'gg']","[17305, 1129]"
menthako,vt_voo,"['vt', 'voo']","[31732, 19497]"
say_hana,hg_ida,"['hg', 'ida']","[23986, 11032]"
youamo,bir_ari,"['bir', 'ari']","[921, 1221]"
alzi_xiaomi banned_artist,ciu_faf,"['ciu', 'faf']","[39693, 31052]"
roki_(0214278),ue_cir,"['ue', 'cir']","[16696, 2459]"
kurige_horse,hun_sru,"['hun', 'sru']","[1616, 44152]"
mosuko,nyu_ble,"['nyu', 'ble']","[43143, 1447]"
shugao,lv_tse,"['lv', 'tse']","[10862, 49144]"
umemaro_(siona0908),acu_kot,"['acu', 'kot']","[9204, 23323]"
lam_(ramdayo),cdn_ney,"['cdn', 'ney']","[8886, 3857]"
pino_ko,rte_uo,"['rte', 'uo']","[33822, 30874]"
cha_goma,ic_pez,"['ic', 'pez']","[535, 45798]"
morikura_en,ygo_jaf,"['ygo', 'jaf']","[46166, 19362]"
mandrill,yy_lse,"['yy', 'lse']","[3433, 46127]"
silver_(chenwen),nic_mic,"['nic', 'mic']","[2109, 1213]"
finn_zoey,nyc_lg,"['nyc', 'lg']","[13304, 4546]"
dise_(psychoro),aso_uu,"['aso', 'uu']","[30343, 5702]"
shengyi_sun,nk_wb,"['nk', 'wb']","[22708, 10726]"
muaooooo,les_atp,"['les', 'atp']","[4339, 38105]"
azomo,ofi_tah,"['ofi', 'tah']","[36692, 14822]"
baisi_shaonian,vox_edm,"['vox', 'edm']","[29215, 37843]"
tokunaga_akimasa,zul_bhi,"['zul', 'bhi']","[31146, 28943]"
kawaguchi_(mojacome),rf_vad,"['rf', 'vad']","[35529, 11880]"
kim_eb,ibi_ibu,"['ibi', 'ibu']","[12337, 43587]"
sheya_tin,rf_pw,"['rf', 'pw']","[35529, 19419]"
arlizi,isa_wav,"['isa', 'wav']","[11034, 6054]"
yuu_(higashi_no_penguin),mah_dri,"['mah', 'dri']","[7206, 1203]"
fujiko_sugi,koh_spu,"['koh', 'spu']","[13379, 23566]"
tkt_(tango_0906),sof_azu,"['sof', 'azu']","[1571, 27701]"
ice_(ice_aptx),ju_odo,"['ju', 'odo']","[669, 49188]"
o_(jshn3457),lik_jan,"['lik', 'jan']","[4831, 1891]"
i7,nev_ds,"['nev', 'ds']","[10236, 3361]"
yushe_quetzalli,goe_nom,"['goe', 'nom']","[22084, 2981]"
poco_(asahi_age),rj_jyo,"['rj', 'jyo']","[26016, 27378]"
lianng,kap_vue,"['kap', 'vue']","[6804, 43915]"
asphyxia17,tly_ini,"['tly', 'ini']","[37483, 6154]"
narue,cll_ori,"['cll', 'ori']","[46091, 1540]"
inuo_(inuo_x),ibm_buf,"['ibm', 'buf']","[23415, 44417]"
jenmin12,gp_emc,"['gp', 'emc']","[19329, 20897]"
k_kanehira,jw_bc,"['jw', 'bc']","[30221, 3116]"
nevakuma_(fanfanas),osc_kn,"['osc', 'kn']","[5092, 4825]"
kanda_done,uon_adi,"['uon', 'adi']","[48144, 2486]"
mechari,raq_peu,"['raq', 'peu']","[39787, 21411]"
xs,muh_jon,"['muh', 'jon']","[36335, 3026]"
momoko_(momoko14),ury_mn,"['ury', 'mn']","[8642, 5086]"
mumei_(mumei_7743),cx_jah,"['cx', 'jah']","[44457, 20067]"
namiki_itsuki,dil_pai,"['dil', 'pai']","[7643, 20624]"
nou_(nounknown),ovi_esp,"['ovi', 'esp']","[32508, 3849]"
nuesawa_kyo,vg_mdc,"['vg', 'mdc']","[40591, 38773]"
paindude,ul_zet,"['ul', 'zet']","[914, 34098]"
paran,agn_jaf,"['agn', 'jaf']","[36474, 19362]"
pension_z,oke_zim,"['oke', 'zim']","[26636, 8112]"
bun150,dir_mlb,"['dir', 'mlb']","[4251, 21039]"
itaco,pll_edy,"['pll', 'edy']","[47629, 17072]"
kemile,kel_lib,"['kel', 'lib']","[2825, 10249]"
kokuusinsin,enh_pe,"['enh', 'pe']","[7449, 661]"
rimuu,ghj_ep,"['ghj', 'ep']","[38439, 1178]"
danimaru,tsu_ghi,"['tsu', 'ghi']","[13950, 22436]"
minttchocok,www_ps,"['www', 'ps']","[26074, 3982]"
haishiki,ofe_cc,"['ofe', 'cc']","[30000, 2976]"
jimmy_madomagi,twd_smc,"['twd', 'smc']","[29440, 31375]"
maanu,lik_vad,"['lik', 'vad']","[4831, 11880]"
konbu_wakame,kol_mol,"['kol', 'mol']","[7142, 4246]"
omone_hokoma_agm,iow_tte,"['iow', 'tte']","[7439, 23105]"
risa_(pixiv23908854),zh_boe,"['zh', 'boe']","[33389, 23476]"
24kchunshuai,bn_mer,"['bn', 'mer']","[10496, 1316]"
ryouma_(galley),dc_taf,"['dc', 'taf']","[5074, 29660]"
a_(sofi3103),uy_zam,"['uy', 'zam']","[31929, 7218]"
hoji_(hooooooooji1029),roz_gis,"['roz', 'gis']","[28989, 16266]"
ying_yi,bg_hh,"['bg', 'hh']","[16674, 3280]"
omelet_tomato,mcg_tc,"['mcg', 'tc']","[42507, 6820]"
zhili_xingzou,hv_mcr,"['hv', 'mcr']","[17209, 29884]"
ae_iueo,ui_py,"['ui', 'py']","[17326, 4005]"
lance_(lancelliu),wav_dho,"['wav', 'dho']","[6054, 37834]"
flux_ef,eci_noo,"['eci', 'noo']","[31936, 6759]"
yoruhachi,sus_soo,"['sus', 'soo']","[8091, 5517]"
jl_tan,dau_phy,"['dau', 'phy']","[3162, 6484]"
uouokuma,oxi_kc,"['oxi', 'kc']","[33731, 10869]"
reoen,vt_bg,"['vt', 'bg']","[31732, 16674]"
riichu,ciu_pg,"['ciu', 'pg']","[39693, 12476]"
rinotuna,ety_plo,"['ety', 'plo']","[25920, 1778]"
kirie_nozomi,il_ghe,"['il', 'ghe']","[543, 10754]"
kerorin_works,awk_ej,"['awk', 'ej']","[8888, 19887]"
suashi,ub_pb,"['ub', 'pb']","[18430, 20112]"
swav,acl_zam,"['acl', 'zam']","[47593, 7218]"
m2_(guvn5745),uma_pbb,"['uma', 'pbb']","[29982, 48567]"
wsman,omo_nyu,"['omo', 'nyu']","[14478, 43143]"
kamu_(geeenius),pne_vam,"['pne', 'vam']","[30966, 9983]"
ama_mitsuki,mdc_kem,"['mdc', 'kem']","[38773, 31013]"
vahn_yourdoom,uri_yp,"['uri', 'yp']","[11052, 38370]"
suzumori_uina,sx_ome,"['sx', 'ome']","[9402, 3693]"
azuuru,kew_cs,"['kew', 'cs']","[38014, 11978]"
arisaka_ako,sq_ygo,"['sq', 'ygo']","[9370, 46166]"
tomari_(veryberry00),ano_ote,"['ano', 'ote']","[5617, 28511]"
muchi_maro,ety_esc,"['ety', 'esc']","[25920, 3330]"
kadeart,iss_ins,"['iss', 'ins']","[11738, 12786]"
air_kon,iam_rer,"['iam', 'rer']","[3579, 41295]"
hong_bai,amc_aze,"['amc', 'aze']","[24942, 41157]"
sola7764,pll_opp,"['pll', 'opp']","[47629, 2020]"
nakony,bha_paf,"['bha', 'paf']","[6144, 47185]"
yupi_(yuyupiko01),gf_hae,"['gf', 'hae']","[28953, 30723]"
zhadanzhawugui,im_ola,"['im', 'ola']","[732, 20499]"
huibuxing,bhu_erc,"['bhu', 'erc']","[9172, 5360]"
327564857,gh_jh,"['gh', 'jh']","[583, 24858]"
kutata,mpg_spi,"['mpg', 'spi']","[39830, 3174]"
muzin_chan,esk_att,"['esk', 'att']","[19359, 1017]"
tsubame-shi_(tubame),cki_oce,"['cki', 'oce']","[36916, 3509]"
seinen,tf_nup,"['tf', 'nup']","[18828, 46757]"
kachayori,tv_cir,"['tv', 'cir']","[3197, 2459]"
toasu,ir_ces,"['ir', 'ces']","[582, 28715]"
kawachi_rin,gom_pla,"['gom', 'pla']","[7051, 841]"
mimoontk,lw_zam,"['lw', 'zam']","[40515, 7218]"
akasaka_aka,cru_yab,"['cru', 'yab']","[1815, 27737]"
paryi,est_ema,"['est', 'ema']","[2291, 7002]"
tota_(sizukurubiks),ul_jv,"['ul', 'jv']","[914, 37932]"
eisuto,mer_sk,"['mer', 'sk']","[1316, 909]"
marui_shiro,elo_mcl,"['elo', 'mcl']","[6170, 49021]"
hmax,ct_afi,"['ct', 'afi']","[3381, 24074]"
mizuki_toko,har_mp,"['har', 'mp']","[915, 1037]"
banned_artist rhasta,voy_vin,"['voy', 'vin']","[10622, 1379]"
xiao_lin_jiu,ein_agi,"['ein', 'agi']","[29944, 24036]"
qiandaiyiyu,nol_bau,"['nol', 'bau']","[8055, 6055]"
norizc,jes_sso,"['jes', 'sso']","[7686, 25900]"
yadapot,pab_mce,"['pab', 'mce']","[9354, 26864]"
dleung,sso_bol,"['sso', 'bol']","[25900, 2860]"
karasuri,kul_mea,"['kul', 'mea']","[11325, 46045]"
reeh_(yukuri130),luv_nz,"['luv', 'nz']","[24726, 10142]"
ruda_(ruda_e),kof_eso,"['kof', 'eso']","[17528, 29890]"
banned_artist sisio_kun,jel_weg,"['jel', 'weg']","[9794, 47867]"
popman3580,apr_wl,"['apr', 'wl']","[39396, 13299]"
aoaso,aqu_som,"['aqu', 'som']","[4458, 734]"
nocgrol,sco_nyo,"['sco', 'nyo']","[1065, 41534]"
funabashi_(iwzry),lur_clt,"['lur', 'clt']","[14439, 29651]"
akemitan,lk_hbd,"['lk', 'hbd']","[39110, 25277]"
iwawa,tus_adm,"['tus', 'adm']","[24828, 9892]"
banned_artist hinaki_(hinaki_0102),phe_jis,"['phe', 'jis']","[4787, 25988]"
gaou_(umaiyo_puyoman),uki_iam,"['uki', 'iam']","[37435, 3579]"
e_volution,sae_sto,"['sae', 'sto']","[38633, 928]"
tokkyu,aul_nai,"['aul', 'nai']","[20695, 6230]"
nakamura_rohane,nvi_iff,"['nvi', 'iff']","[22847, 35753]"
ica,hs_tj,"['hs', 'tj']","[9343, 18890]"
asama_(drift_in) banned_artist,ju_jp,"['ju', 'jp']","[669, 18249]"
shanguier,wk_oba,"['wk', 'oba']","[11512, 42902]"
nanananana,abs_pe,"['abs', 'pe']","[18431, 661]"
yeurei,usa_enh,"['usa', 'enh']","[9491, 7449]"
musshu_(omu001),moi_sbu,"['moi', 'sbu']","[20691, 48075]"
ame_ame,vod_nh,"['vod', 'nh']","[11820, 3760]"
demirinz,fol_wol,"['fol', 'wol']","[1106, 2798]"
hoshi_(snacherubi),tuf_slo,"['tuf', 'slo']","[44510, 4303]"
mochizuki_shiina,lav_vay,"['lav', 'vay']","[13767, 48000]"
banned_artist miyuki_(miyuki0529),epi_asu,"['epi', 'asu']","[7219, 13157]"
ibara_riato,eg_ggy,"['eg', 'ggy']","[8053, 24935]"
karasuro,sm_gis,"['sm', 'gis']","[978, 16266]"
enosan,toc_aor,"['toc', 'aor']","[41907, 32044]"
mrr_05,gta_zu,"['gta', 'zu']","[14826, 4091]"
kurohanesawa,ial_izz,"['ial', 'izz']","[11530, 31779]"
eyokiki,pyg_oph,"['pyg', 'oph']","[41450, 6796]"
yamashita_shun'ya,pei_sep,"['pei', 'sep']","[48166, 3212]"
mikisai,voo_hbd,"['voo', 'hbd']","[19497, 25277]"
hara_kenshi,cm_jal,"['cm', 'jal']","[10190, 8380]"
yukoring,yuv_ww,"['yuv', 'ww']","[36784, 3181]"
koyubita,len_kot,"['len', 'kot']","[3687, 23323]"
sasakure_(mogunonbi),stv_msp,"['stv', 'msp']","[27060, 41445]"
momae_makku,kut_gav,"['kut', 'gav']","[17283, 8966]"
piezo,mer_bho,"['mer', 'bho']","[1316, 19721]"
buta5813,wq_fif,"['wq', 'fif']","[45195, 5309]"
kobayuu,np_odu,"['np', 'odu']","[18205, 35095]"
tamago_(eva1314056),dv_faz,"['dv', 'faz']","[4288, 26238]"
rairyuu,nai_wf,"['nai', 'wf']","[6230, 14576]"
shikakrosho,isp_co,"['isp', 'co']","[31397, 622]"
yukuso_(dabiandang),wel_puc,"['wel', 'puc']","[1267, 48779]"
dalimao,nal_ig,"['nal', 'ig']","[14132, 1089]"
kyou_039,eth_caf,"['eth', 'caf']","[4819, 3471]"
cancell,af_ntv,"['af', 'ntv']","[702, 24807]"
kazenemuri,wai_chs,"['wai', 'chs']","[11469, 40277]"
xi_liu,iff_myo,"['iff', 'myo']","[35753, 16206]"
tarou2,bru_www,"['bru', 'www']","[1698, 26074]"
espi,hyo_rss,"['hyo', 'rss']","[38960, 46466]"
xia_(ryugo),lom_mcg,"['lom', 'mcg']","[9279, 42507]"
annlin,kla_dil,"['kla', 'dil']","[11249, 7643]"
waka_(wk4444),csr_tx,"['csr', 'tx']","[32105, 6636]"
banned_artist glutton_(18152740927lx),hfx_mav,"['hfx', 'mav']","[47297, 25697]"
kaoruko_(unkrk55),cil_rj,"['cil', 'rj']","[9217, 26016]"
toshizou_(0714),dav_gg,"['dav', 'gg']","[3700, 1129]"
yyydddd0,oz_lw,"['oz', 'lw']","[10584, 40515]"
sidneysora,thr_sq,"['thr', 'sq']","[1111, 9370]"
bluefish_0025,fau_ini,"['fau', 'ini']","[5571, 6154]"
xiao_chichi,srk_ico,"['srk', 'ico']","[44982, 13697]"
hnzwakira,mtn_sni,"['mtn', 'sni']","[26041, 7186]"
lumium,akh_yyc,"['akh', 'yyc']","[14821, 27542]"
bilibili_xiaolu,mw_yur,"['mw', 'yur']","[16725, 42533]"
azuki_(ckxs7444),ll_slo,"['ll', 'slo']","[1657, 4303]"
jacknife,rr_gw,"['rr', 'gw']","[5311, 7172]"
hakusai_(tiahszld),inf_byo,"['inf', 'byo']","[1529, 28039]"
enne_kl,bw_cai,"['bw', 'cai']","[17672, 38971]"
shisantian,nie_lc,"['nie', 'lc']","[9524, 9584]"
xiu_kukkii,eg_fex,"['eg', 'fex']","[8053, 41584]"
jetpacksss,kee_cki,"['kee', 'cki']","[9724, 36916]"
tacshojosora,jv_ahi,"['jv', 'ahi']","[37932, 45349]"
agonasubi,gn_mm,"['gn', 'mm']","[2455, 1028]"
solcha,imo_lfc,"['imo', 'lfc']","[26349, 37826]"
kikihuihui,oll_auc,"['oll', 'auc']","[32270, 24489]"
ichika_(ichika87),ktv_sc,"['ktv', 'sc']","[36444, 663]"
toto_(caaaaarrot),rer_ian,"['rer', 'ian']","[41295, 7723]"
agoto,acc_yag,"['acc', 'yag']","[26805, 35081]"
896kcal,ony_mh,"['ony', 'mh']","[9490, 9962]"
hua_ben_wuming,zam_il,"['zam', 'il']","[7218, 543]"
nakai_(nnnjpg),rin_uk,"['rin', 'uk']","[5859, 2294]"
hakasesuitchi,baj_neh,"['baj', 'neh']","[20713, 40416]"
whitem_(whiteemperor2020),ive_ori,"['ive', 'ori']","[26885, 1540]"
au_(d_elite),ick_cw,"['ick', 'cw']","[1168, 10652]"
toriseka,vak_aph,"['vak', 'aph']","[16288, 16341]"
utsuhostoria,liv_pb,"['liv', 'pb']","[13895, 20112]"
gohan_(gohanchang),fax_nus,"['fax', 'nus']","[32535, 25157]"
ddal,idi_ial,"['idi', 'ial']","[9611, 11530]"
apios,jim_ulo,"['jim', 'ulo']","[3190, 46084]"
myon_(tokipi),vo_cdn,"['vo', 'cdn']","[947, 8886]"
aiamu_iamu,faz_oke,"['faz', 'oke']","[26238, 26636]"
rui_p,kv_ri,"['kv', 'ri']","[27594, 553]"
bokyo,ffi_sze,"['ffi', 'sze']","[19961, 44507]"
tonki,apu_atu,"['apu', 'atu']","[22166, 15191]"
mimelond,ic_kri,"['ic', 'kri']","[535, 3679]"
rauto,ov_fol,"['ov', 'fol']","[6420, 1106]"
huangdanlan,uu_emb,"['uu', 'emb']","[5702, 3692]"
satsuki_(miicat),jg_ucl,"['jg', 'ucl']","[41986, 12013]"
nanataroo_7,baj_hel,"['baj', 'hel']","[20713, 919]"
buri_(retty9349),cac_pai,"['cac', 'pai']","[8298, 20624]"
noco_(adamas),evi_seh,"['evi', 'seh']","[5348, 27536]"
toma_tokage,lun_rem,"['lun', 'rem']","[3221, 15098]"
sho_(sho_lwlw),vin_nah,"['vin', 'nah']","[1379, 26421]"
tekito_midori,gri_kem,"['gri', 'kem']","[2169, 31013]"
hyuuga_azuri,ole_ig,"['ole', 'ig']","[9089, 1089]"
fal_maro,pye_pof,"['pye', 'pof']","[31099, 40850]"
bukurote,isi_ick,"['isi', 'ick']","[7233, 1168]"
lizchief,ucc_dol,"['ucc', 'dol']","[44844, 2287]"
dorainatto,lib_ux,"['lib', 'ux']","[10249, 9251]"
luvluvvox,tyr_maj,"['tyr', 'maj']","[15590, 2948]"
aoi_masami,nhs_aro,"['nhs', 'aro']","[23282, 7514]"
sh_(562835932),inv_aph,"['inv', 'aph']","[2279, 16341]"
kiya_machi,wak_ju,"['wak', 'ju']","[11172, 669]"
sutorora,ced_dem,"['ced', 'dem']","[25634, 3251]"
talunilu_uu3,tak_ang,"['tak', 'ang']","[15070, 883]"
nyum,lr_cel,"['lr', 'cel']","[20572, 2269]"
machi_(7769),adm_mex,"['adm', 'mex']","[9892, 3213]"
applepie_(12711019),jaf_raz,"['jaf', 'raz']","[19362, 9700]"
orniflop,pdx_knu,"['pdx', 'knu']","[25470, 14812]"
teshima_nari,mss_itt,"['mss', 'itt']","[42136, 1031]"
jonsun,ats_sem,"['ats', 'sem']","[46890, 8645]"
atk7,ntv_yeg,"['ntv', 'yeg']","[24807, 16854]"
palow,oax_sut,"['oax', 'sut']","[43090, 23984]"
miyasaka_miyabi,pre_nko,"['pre', 'nko']","[679, 36353]"
abara_heiki,thr_cdn,"['thr', 'cdn']","[1111, 8886]"
syokuuuuuuuuumura,wg_pas,"['wg', 'pas']","[21091, 1341]"
qinghejunzi,hef_rez,"['hef', 'rez']","[29473, 27597]"
yatsuha_(hachiyoh),nal_ld,"['nal', 'ld']","[14132, 1431]"
odd_(hin_yari),eul_mt,"['eul', 'mt']","[46749, 4252]"
mushi_hara,puj_jv,"['puj', 'jv']","[46163, 37932]"
b0rzzz0i,lib_gh,"['lib', 'gh']","[10249, 583]"
redum4,gr_ctr,"['gr', 'ctr']","[709, 35602]"
kanzi,agh_syn,"['agh', 'syn']","[17917, 3758]"
if959u,pak_wof,"['pak', 'wof']","[13186, 45671]"
gotou_(nekocat),miy_thi,"['miy', 'thi']","[25695, 2362]"
umishima_senbon,sli_cec,"['sli', 'cec']","[1811, 29694]"
nii_manabu,mex_rj,"['mex', 'rj']","[3213, 26016]"
banned_artist dizi930,ecu_hof,"['ecu', 'hof']","[13087, 20186]"
kieed,unt_scu,"['unt', 'scu']","[19654, 8181]"
mafuyu_(chibi21),kow_jp,"['kow', 'jp']","[29764, 18249]"
shiro_albino,paf_hok,"['paf', 'hok']","[47185, 26942]"
gomashio_ponz,jy_jae,"['jy', 'jae']","[20979, 16869]"
lkeris,wu_lk,"['wu', 'lk']","[9710, 39110]"
nai_zi,mpu_aur,"['mpu', 'aur']","[47156, 8156]"
satou_kuuki,eul_kla,"['eul', 'kla']","[46749, 11249]"
goyain,ed_nd,"['ed', 'nd']","[843, 5625]"
fuu_(fuore),nba_lur,"['nba', 'lur']","[22524, 14439]"
asteroid_ill,jak_yay,"['jak', 'yay']","[9225, 20614]"
kilalesi,bav_hus,"['bav', 'hus']","[21075, 5111]"
maruma_(maruma_gic),hv_adm,"['hv', 'adm']","[17209, 9892]"
dishwasher1910,kev_nf,"['kev', 'nf']","[22758, 15195]"
skade,lem_fp,"['lem', 'fp']","[10213, 28058]"
qooo003,py_gs,"['py', 'gs']","[4005, 25818]"
urorong,aaa_hai,"['aaa', 'hai']","[14376, 8734]"
yuduhi,epo_mpu,"['epo', 'mpu']","[25810, 47156]"
lowro_(en),vn_sli,"['vn', 'sli']","[47098, 1811]"
ikurauni,nr_rif,"['nr', 'rif']","[6574, 7044]"
yomu_(sgt_epper),gk_nes,"['gk', 'nes']","[38953, 5457]"
sakura_yuki_(clochette),wam_ht,"['wam', 'ht']","[20503, 11123]"
alexmaster,dul_gav,"['dul', 'gav']","[6738, 8966]"
hanekoto,esc_rj,"['esc', 'rj']","[3330, 26016]"
mebaru,ny_jj,"['ny', 'jj']","[1383, 12502]"
m-da_s-tarou,sjo_wb,"['sjo', 'wb']","[42012, 10726]"
kaisen_chuui,max_mss,"['max', 'mss']","[4898, 42136]"
akagi_shun,yum_cf,"['yum', 'cf']","[6869, 10189]"
yukiko_(tesseract),ulo_rey,"['ulo', 'rey']","[46084, 9681]"
gomano_rio,oth_vs,"['oth', 'vs']","[33262, 11385]"
shiratama_(shiratamaco),nr_zur,"['nr', 'zur']","[6574, 17128]"
amedamacon,exp_zah,"['exp', 'zah']","[9923, 23258]"
6u_(eternal_land),ucl_fre,"['ucl', 'fre']","[12013, 821]"
chikuwa.,mos_ghu,"['mos', 'ghu']","[28658, 25808]"
kinako_(shiratama_mochi),hm_kl,"['hm', 'kl']","[17913, 8498]"
junjam,att_ude,"['att', 'ude']","[1017, 37016]"
toridamono,ub_xon,"['ub', 'xon']","[18430, 29186]"
redrop,mj_xl,"['mj', 'xl']","[13117, 36529]"
sofra,ev_fr,"['ev', 'fr']","[776, 936]"
nozaki_tsubata,ina_des,"['ina', 'des']","[18026, 6797]"
banned_artist zumi_(zumidraws),jum_jai,"['jum', 'jai']","[20791, 10542]"
amagai_tarou,ggy_heb,"['ggy', 'heb']","[24935, 24700]"
namakawa,ima_rc,"['ima', 'rc']","[2414, 7575]"
kusakanmuri,osh_riv,"['osh', 'riv']","[30717, 25113]"
shino_(eefy),vu_une,"['vu', 'une']","[8664, 4522]"
yaoshi_jun,gk_kc,"['gk', 'kc']","[38953, 10869]"
77gl,amu_hd,"['amu', 'hd']","[11347, 11601]"
carimarica,vla_xl,"['vla', 'xl']","[23686, 36529]"
yoshio_(55level),khe_bla,"['khe', 'bla']","[26360, 2205]"
kyuuba_melo,pp_ws,"['pp', 'ws']","[604, 6300]"
fangxiang_cuoluan,kf_lig,"['kf', 'lig']","[33308, 19915]"
mataro_(matarou),xox_cll,"['xox', 'cll']","[11531, 46091]"
yasato,gla_suc,"['gla', 'suc']","[1523, 1869]"
skyrick9413,com_zz,"['com', 'zz']","[610, 1544]"
tsuezu,tb_mom,"['tb', 'mom']","[1990, 1614]"
neichiru,idy_mbe,"['idy', 'mbe']","[33058, 38395]"
shiromanta,aq_hig,"['aq', 'hig']","[14018, 38108]"
smile_(qd4nsvik),lub_ntv,"['lub', 'ntv']","[22469, 24807]"
nardack,sae_nbc,"['sae', 'nbc']","[38633, 9352]"
racchi.,evi_yum,"['evi', 'yum']","[5348, 6869]"
nabi_(uz02),gil_cyn,"['gil', 'cyn']","[3997, 14324]"
capriccio,nax_odo,"['nax', 'odo']","[38299, 49188]"
kukka,rom_gf,"['rom', 'gf']","[11377, 28953]"
cona_kinaco,iu_jau,"['iu', 'jau']","[14292, 26932]"
hayama_eishi,rc_jd,"['rc', 'jd']","[7575, 18289]"
eihi,pll_mtn,"['pll', 'mtn']","[47629, 26041]"
haru_(hiyori-kohal),rh_iq,"['rh', 'iq']","[8745, 15554]"
kouda_suzu,wal_bax,"['wal', 'bax']","[1056, 21216]"
banned_artist sakimichan,chs_guj,"['chs', 'guj']","[40277, 34935]"
teddy_(khanshin),kni_qld,"['kni', 'qld']","[6312, 23039]"
yanyo_(ogino_atsuki),cl_msd,"['cl', 'msd']","[969, 25804]"
haori_io,les_pos,"['les', 'pos']","[4339, 1780]"
kani_biimu,bi_uro,"['bi', 'uro']","[717, 17343]"
edoya_inuhachi,aac_een,"['aac', 'een']","[23251, 47490]"
na_kyo,zir_beh,"['zir', 'beh']","[31892, 21971]"
ryuuzaki_ichi,byz_rj,"['byz', 'rj']","[35406, 26016]"
nucco,gta_msp,"['gta', 'msp']","[14826, 41445]"
kfr,dep_ker,"['dep', 'ker']","[6079, 2352]"
haijin,eng_ene,"['eng', 'ene']","[1035, 3297]"
liang_xing,kas_bir,"['kas', 'bir']","[6119, 921]"
gentsuki,wul_jon,"['wul', 'jon']","[35154, 3026]"
reia,mye_azu,"['mye', 'azu']","[27551, 27701]"
kenzo_093,kyo_ork,"['kyo', 'ork']","[13150, 22202]"
haruba_negi,ita_lt,"['ita', 'lt']","[36920, 13642]"
unacchi_(nyusankin),vin_soo,"['vin', 'soo']","[1379, 5517]"
matokechi,yol_jim,"['yol', 'jim']","[19387, 3190]"
karutamo,nas_gni,"['nas', 'gni']","[3090, 5104]"
piromizu,tr_veg,"['tr', 'veg']","[635, 9048]"
banned_artist gomzi,oj_hid,"['oj', 'hid']","[30986, 15552]"
gurande_(g-size),hg_mol,"['hg', 'mol']","[23986, 4246]"
lifeline_(a384079959),kas_iss,"['kas', 'iss']","[6119, 11738]"
daenarys,khy_msn,"['khy', 'msn']","[40917, 18824]"
sora_72-iro,nsw_spd,"['nsw', 'spd']","[21301, 37717]"
hiragi_ringo,azi_oss,"['azi', 'oss']","[23914, 29362]"
goomrrat,igu_raq,"['igu', 'raq']","[21279, 39787]"
nogi_(acclima),idi_oye,"['idi', 'oye']","[9611, 48677]"
lunch_(lunchicken),neu_ctu,"['neu', 'ctu']","[3855, 20834]"
rei_kun,dir_wh,"['dir', 'wh']","[4251, 573]"
fuyumizaka,von_ema,"['von', 'ema']","[11269, 7002]"
nishizawa,osp_iy,"['osp', 'iy']","[24387, 13704]"
machimura_komori,nug_dol,"['nug', 'dol']","[13471, 2287]"
mephist,jin_nug,"['jin', 'nug']","[7927, 13471]"
baffu,gye_bbc,"['gye', 'bbc']","[21728, 5123]"
egawa_akira,ue_bix,"['ue', 'bix']","[16696, 46579]"
shamakho,ror_bt,"['ror', 'bt']","[8668, 3317]"
kawai_rou,gro_bav,"['gro', 'bav']","[1464, 21075]"
nanam_(nanam_sk),myr_xim,"['myr', 'xim']","[20272, 11217]"
saya_(mychristian2),ro_ple,"['ro', 'ple']","[532, 926]"
piyodera_mucha,kol_jp,"['kol', 'jp']","[7142, 18249]"
y_y_(ysk_ygc),tem_sno,"['tem', 'sno']","[2404, 8567]"
gilse,rhy_eco,"['rhy', 'eco']","[7740, 5106]"
sousouman,etu_emi,"['etu', 'emi']","[36593, 44327]"
komori_kuzuyu,mos_kup,"['mos', 'kup']","[28658, 39023]"
cancer_(zjcconan),sql_dil,"['sql', 'dil']","[42759, 7643]"
ibuki_notsu,klu_dge,"['klu', 'dge']","[21852, 4016]"
neco_meito,faz_yp,"['faz', 'yp']","[26238, 38370]"
mairo,cin_wom,"['cin', 'wom']","[2396, 1087]"
kawayabug,jax_gd,"['jax', 'gd']","[22348, 13264]"
yayoichi_(yoruyoru108),rik_wp,"['rik', 'wp']","[31136, 15378]"
bkko,weh_gil,"['weh', 'gil']","[48458, 3997]"
marushin_(denwa0214),muf_kb,"['muf', 'kb']","[33852, 27381]"
hassan_(sink916),tk_cnn,"['tk', 'cnn']","[22344, 22405]"
wasabi_(sekai),weg_ofe,"['weg', 'ofe']","[47867, 30000]"
gabiran,rus_ede,"['rus', 'ede']","[35811, 29632]"
komeshiro_kasu,wal_duf,"['wal', 'duf']","[1056, 38713]"
idoukunn,dat_ves,"['dat', 'ves']","[1717, 9616]"
40hara,xim_ktn,"['xim', 'ktn']","[11217, 42170]"
ririko_(zhuoyandesailaer),kw_oss,"['kw', 'oss']","[10072, 29362]"
engiyoshi,tml_jin,"['tml', 'jin']","[39445, 7927]"
xiujia_yihuizi,ig_lud,"['ig', 'lud']","[1089, 14288]"
u35,nel_ix,"['nel', 'ix']","[5476, 13272]"
k-suwabe,umi_wn,"['umi', 'wn']","[48772, 1186]"
yano_mitsuki,adu_mmy,"['adu', 'mmy']","[16882, 28837]"
asanagi,hab_ici,"['hab', 'ici']","[20573, 948]"
hakohako-does,uli_riz,"['uli', 'riz']","[41841, 18426]"
rangu,nel_boc,"['nel', 'boc']","[5476, 27307]"
dhiea,rar_im,"['rar', 'im']","[26819, 732]"
beni_shake,xen_hoo,"['xen', 'hoo']","[15568, 2300]"
kuga_huna,fd_uc,"['fd', 'uc']","[16972, 4903]"
kinako_(marubotan),paf_moj,"['paf', 'moj']","[47185, 34505]"
banned_artist ryota-h,gz_yt,"['gz', 'yt']","[45937, 36777]"
banned_artist nian_(zhanian),kt_sle,"['kt', 'sle']","[17238, 1709]"
miruto_netsuki,ony_bec,"['ony', 'bec']","[9490, 6899]"
yoshimoto_(dear_life),sem_jur,"['sem', 'jur']","[8645, 15896]"
tsukumo_(soar99),glu_mbe,"['glu', 'mbe']","[5952, 38395]"
ohsoukamo,vom_edm,"['vom', 'edm']","[24198, 37843]"
icehotmilktea,pim_tte,"['pim', 'tte']","[15285, 23105]"
usamochi.,rac_iot,"['rac', 'iot']","[1773, 32694]"
taishi_(picchiridou),kup_pof,"['kup', 'pof']","[39023, 40850]"
kujou_danbo,lc_nh,"['lc', 'nh']","[9584, 3760]"
piukute062,reo_eto,"['reo', 'eto']","[15963, 27829]"
soyubee,ros_inu,"['ros', 'inu']","[5288, 21131]"
nyuu_(manekin-eko),caf_kut,"['caf', 'kut']","[3471, 17283]"
niliu_chahui,sid_ktv,"['sid', 'ktv']","[10117, 36444]"
banned_artist rosuuri,ove_cdn,"['ove', 'cdn']","[8649, 8886]"
v-mag,str_suf,"['str', 'suf']","[807, 21204]"
ebiblue,dg_plu,"['dg', 'plu']","[2394, 2052]"
banned_artist evan_yang,emb_dz,"['emb', 'dz']","[3692, 24421]"
maachi_(fsam4547),zay_xen,"['zay', 'xen']","[7102, 15568]"
tatami_to_hinoki,nfl_ofi,"['nfl', 'ofi']","[11219, 36692]"
kaneblob,leo_ip,"['leo', 'ip']","[24008, 1719]"
pokachu,ati_tv,"['ati', 'tv']","[591, 3197]"
shia_job,zy_pim,"['zy', 'pim']","[6615, 15285]"
fubuki_(fakemonkey0224),lem_dat,"['lem', 'dat']","[10213, 1717]"
fujima_takuya,mca_vix,"['mca', 'vix']","[40570, 28976]"
yu_yu,ced_rin,"['ced', 'rin']","[25634, 5859]"
kokuto_(kurousagi1210),meg_fel,"['meg', 'fel']","[11500, 2081]"
douya_(233),del_ici,"['del', 'ici']","[1233, 948]"
mizu_asato,dh_yuv,"['dh', 'yuv']","[6669, 36784]"
fajyobore,zim_wj,"['zim', 'wj']","[8112, 19739]"
hoshizaki_reita,sy_ity,"['sy', 'ity']","[974, 2480]"
oda_non,gq_ua,"['gq', 'ua']","[40286, 34075]"
negi_(ulog'be),zoe_kcr,"['zoe', 'kcr']","[43114, 46181]"
chigusa_minori,apo_rn,"['apo', 'rn']","[4089, 13206]"
mashuu_(neko_no_oyashiro),uss_ppy,"['uss', 'ppy']","[11545, 30360]"
chup2m,tp_opi,"['tp', 'opi']","[23760, 40056]"
itefu,sb_rae,"['sb', 'rae']","[5576, 21646]"
deco_(geigeki_honey),som_vw,"['som', 'vw']","[734, 28650]"
you_ni_ge_shaobing,ibm_ron,"['ibm', 'ron']","[23415, 2393]"
antweiyi,jic_gre,"['jic', 'gre']","[48350, 689]"
unasaka_ryou,imv_ork,"['imv', 'ork']","[35731, 22202]"
seraphitalg,uof_gt,"['uof', 'gt']","[11155, 16151]"
missile228,kyr_rh,"['kyr', 'rh']","[26329, 8745]"
jack_dempa,lib_ob,"['lib', 'ob']","[10249, 1411]"
pekeko_(pepekekeko),oro_tf,"['oro', 'tf']","[9848, 18828]"
crab_d,thu_hfx,"['thu', 'hfx']","[3837, 47297]"
fumitan_(humitan),axi_oku,"['axi', 'oku']","[30672, 45010]"
nuudoru,sy_ayr,"['sy', 'ayr']","[974, 23002]"
tokino_kito,voy_fl,"['voy', 'fl']","[10622, 1082]"
aka_kan,lon_raf,"['lon', 'raf']","[1235, 11495]"
satou_daiji,bec_oro,"['bec', 'oro']","[6899, 9848]"
wattaro,fla_azi,"['fla', 'azi']","[1577, 23914]"
kumeki_(kk4615),mea_sco,"['mea', 'sco']","[46045, 1065]"
92m,msg_nm,"['msg', 'nm']","[44430, 15956]"
wlop,kj_voo,"['kj', 'voo']","[27385, 19497]"
koshika_rina,tru_org,"['tru', 'org']","[931, 3401]"
shikitani_asuka,vin_lor,"['vin', 'lor']","[1379, 2179]"
gijang,jer_unf,"['jer', 'unf']","[2310, 29285]"
fukuda_shuushi,jan_hu,"['jan', 'hu']","[1891, 845]"
suna_co,uph_bt,"['uph', 'bt']","[14128, 3317]"
kitada_mo,iz_reo,"['iz', 'reo']","[2845, 15963]"
kyouda_suzuka,pel_cac,"['pel', 'cac']","[4286, 8298]"
shnva,ig_poo,"['ig', 'poo']","[1089, 6601]"
kirero,com_edg,"['com', 'edg']","[610, 35955]"
banned_artist criin,cnn_naq,"['cnn', 'naq']","[22405, 46453]"
kou_mashiro,ilu_hib,"['ilu', 'hib']","[27337, 15922]"
eorx,ncc_sli,"['ncc', 'sli']","[33195, 1811]"
shimokirin,eci_cn,"['eci', 'cn']","[31936, 3886]"
tokki,eng_zai,"['eng', 'zai']","[1035, 44329]"
kusano_shinta,aji_bwo,"['aji', 'bwo']","[26102, 45902]"
hikaru_(asteriskring),ard_cnn,"['ard', 'cnn']","[3793, 22405]"
koio,uly_mx,"['uly', 'mx']","[33220, 21947]"
kankan33333,ucc_zin,"['ucc', 'zin']","[44844, 14085]"
banned_artist yuuka_nonoko,boi_iz,"['boi', 'iz']","[37129, 2845]"
hirunagi,yof_mez,"['yof', 'mez']","[5966, 30615]"
60mai,dd_pof,"['dd', 'pof']","[1353, 40850]"
hanahanamaki sousouman,blk_ats,"['blk', 'ats']","[42950, 46890]"
snatti,bil_ein,"['bil', 'ein']","[3092, 29944]"
niwako,kot_etv,"['kot', 'etv']","[23323, 49155]"
mitsuba_choco,cov_buf,"['cov', 'buf']","[19384, 44417]"
haiki_(tegusu),jr_dif,"['jr', 'dif']","[13973, 18656]"
rioka_(southern_blue_sky),iii_qi,"['iii', 'qi']","[46236, 25054]"
asicah,abe_vv,"['abe', 'vv']","[15856, 19264]"
kieta,tsu_qq,"['tsu', 'qq']","[13950, 31960]"
banned_artist star741,muk_ike,"['muk', 'ike']","[17327, 12329]"
yukie_(kusaka_shi),ia_qq,"['ia', 'qq']","[12486, 31960]"
shipii_(jigglypuff),pag_viz,"['pag', 'viz']","[4151, 28251]"
riku_(melty_drop),dm_tsi,"['dm', 'tsi']","[19070, 40048]"
r_o_ha,nca_bex,"['nca', 'bex']","[6921, 18676]"
raikoart,wh_hul,"['wh', 'hul']","[573, 7911]"
nemuri_nemu,mer_viv,"['mer', 'viv']","[1316, 21827]"
kayahara,cx_cg,"['cx', 'cg']","[44457, 27118]"
parai0,lle_nr,"['lle', 'nr']","[26550, 6574]"
songjikyo,kah_mom,"['kah', 'mom']","[16068, 1614]"
pomu,fri_oso,"['fri', 'oso']","[815, 42793]"
ajinomisni,tb_ys,"['tb', 'ys']","[1990, 1971]"
keis_(locrian1357),pil_rak,"['pil', 'rak']","[2893, 13523]"
makoto_ikemu,ard_ceo,"['ard', 'ceo']","[3793, 46340]"
ekao,hq_ctv,"['hq', 'ctv']","[33571, 21213]"
hanagata,oce_kb,"['oce', 'kb']","[3509, 27381]"
foxyreine,dh_fri,"['dh', 'fri']","[6669, 815]"
evasong,iri_mz,"['iri', 'mz']","[2155, 29509]"
lemontea,ofe_oce,"['ofe', 'oce']","[30000, 3509]"
ryota_(ry_o_ta),aaf_oom,"['aaf', 'oom']","[37638, 22786]"
kobuta,lma_lud,"['lma', 'lud']","[4493, 14288]"
rafaelaaa,pdx_kio,"['pdx', 'kio']","[25470, 28210]"
blue_gk,cnn_ri,"['cnn', 'ri']","[22405, 553]"
tsune_(tune),avl_epp,"['avl', 'epp']","[44749, 39054]"
booota,tt_var,"['tt', 'var']","[971, 3187]"
ryo_(botugo),swi_uch,"['swi', 'uch']","[3881, 19465]"
icwine,nes_fom,"['nes', 'fom']","[5457, 34540]"
banned_artist heiwa_(murasiho),sbu_qq,"['sbu', 'qq']","[48075, 31960]"
go-1,jac_aag,"['jac', 'aag']","[2293, 42174]"
satchely,kie_wsb,"['kie', 'wsb']","[8544, 30681]"
narumi_arata,yu_kcr,"['yu', 'kcr']","[3371, 46181]"
wanke,waf_vc,"['waf', 'vc']","[17638, 28670]"
mozuno_(mozya_7),mce_htt,"['mce', 'htt']","[26864, 10620]"
kanzaki_hiro,abr_ctv,"['abr', 'ctv']","[44932, 21213]"
nanoless,lul_ns,"['lul', 'ns']","[20861, 12405]"
miyase_mahiro,ias_xy,"['ias', 'xy']","[32303, 20023]"
luse_maonang,pou_sek,"['pou', 'sek']","[9423, 45515]"
sen_(sennosenn1127),glo_mpu,"['glo', 'mpu']","[1721, 47156]"
satoupote,fs_res,"['fs', 'res']","[23699, 4466]"
koomoi,adm_und,"['adm', 'und']","[9892, 9762]"
beitemian,aag_tet,"['aag', 'tet']","[42174, 40468]"
harimoji,osm_uu,"['osm', 'uu']","[31626, 5702]"
sakino_shingetsu,beh_vv,"['beh', 'vv']","[21971, 19264]"
sciamano240,tto_oni,"['tto', 'oni']","[8759, 4385]"
akamoku banned_artist,ws_eco,"['ws', 'eco']","[6300, 5106]"
age_nasuo,www_uma,"['www', 'uma']","[26074, 29982]"
homura_subaru,pbb_aph,"['pbb', 'aph']","[48567, 16341]"
shiseki_hirame,snu_wak,"['snu', 'wak']","[9694, 11172]"
ominaeshi_(takenoko),pw_hm,"['pw', 'hm']","[19419, 17913]"
danjou_sora,jem_itv,"['jem', 'itv']","[46326, 20159]"
suou,tuk_psu,"['tuk', 'psu']","[39271, 41286]"
akabane_(zebrasmise),lib_acc,"['lib', 'acc']","[10249, 26805]"
marota,aki_wie,"['aki', 'wie']","[18173, 21378]"
bikkusama,loc_onu,"['loc', 'onu']","[1378, 44142]"
fami_(yellow_skies),aul_afi,"['aul', 'afi']","[20695, 24074]"
monokubo,sed_ude,"['sed', 'ude']","[14034, 37016]"
hirai_yuzuki,dut_ygo,"['dut', 'ygo']","[32625, 46166]"
torino_aqua,abc_isi,"['abc', 'isi']","[13137, 7233]"
chinomaron,chu_swe,"['chu', 'swe']","[3799, 2350]"
kagachi_saku,yle_lj,"['yle', 'lj']","[32305, 34211]"
ayuma_sayu,icu_zur,"['icu', 'zur']","[45118, 17128]"
pan_(mimi),det_zor,"['det', 'zor']","[28966, 17605]"
emyo,gm_gla,"['gm', 'gla']","[18743, 1523]"
kuroduki_(pieat) zhang_shuang_pa_mi_shi,kic_gli,"['kic', 'gli']","[24003, 5896]"
fukai_ryosuke,cs_mh,"['cs', 'mh']","[11978, 9962]"
syuri22,gh_ima,"['gh', 'ima']","[583, 2414]"
ogipote,co_mom,"['co', 'mom']","[622, 1614]"
nakamura_eight,ww_nec,"['ww', 'nec']","[3181, 25109]"
takubon,nr_goe,"['nr', 'goe']","[6574, 22084]"
zerocat,equ_syn,"['equ', 'syn']","[2563, 3758]"
sakuragi_ren,tt_bol,"['tt', 'bol']","[971, 2860]"
iren_lovel,esh_aaf,"['esh', 'aaf']","[17119, 37638]"
abandon_ranka,yog_aaf,"['yog', 'aaf']","[34985, 37638]"
necomi,pim_etu,"['pim', 'etu']","[15285, 36593]"
sekina,aju_kyo,"['aju', 'kyo']","[36855, 13150]"
kureha_(ironika),yel_tuf,"['yel', 'tuf']","[3323, 44510]"
mauve,ldn_emi,"['ldn', 'emi']","[37050, 44327]"
sasahara_wakaba,vt_eni,"['vt', 'eni']","[31732, 4395]"
shirabi,kem_buc,"['kem', 'buc']","[31013, 8207]"
mayogii,yu_uro,"['yu', 'uro']","[3371, 17343]"
yuizaki_kazuya,emp_kib,"['emp', 'kib']","[3831, 43108]"
omao,nx_viv,"['nx', 'viv']","[18810, 21827]"
saberiii,qu_ury,"['qu', 'ury']","[666, 8642]"
banned_artist fukuro_daizi,oo_im,"['oo', 'im']","[574, 732]"
csyday,zun_adi,"['zun', 'adi']","[42440, 2486]"
matanonki,ain_sav,"['ain', 'sav']","[8326, 2248]"
rido_(ridograph),eco_aaf,"['eco', 'aaf']","[5106, 37638]"
sky-freedom,pru_pd,"['pru', 'pd']","[12961, 4387]"
hiroki_(yyqw7151),eun_eno,"['eun', 'eno']","[16431, 9429]"
huwari_(dnwls3010),kir_tet,"['kir', 'tet']","[3476, 40468]"
anza_tomo,fle_yw,"['fle', 'yw']","[2428, 33741]"
sakura_hiyori,lju_gz,"['lju', 'gz']","[44562, 45937]"
lunia,pr_bha,"['pr', 'bha']","[766, 6144]"
taku_michi,tru_mmy,"['tru', 'mmy']","[931, 28837]"
umibouzu_(niito),soo_afc,"['soo', 'afc']","[5517, 29742]"
yohaku,khy_xan,"['khy', 'xan']","[40917, 45530]"
nakaba_(mode),uni_mol,"['uni', 'mol']","[1107, 4246]"
banned_artist fay_(fay_axl),cun_wsu,"['cun', 'wsu']","[12423, 44674]"
monaka_curl,kee_spr,"['kee', 'spr']","[9724, 1536]"
ttosom,cr_jf,"['cr', 'jf']","[1075, 31130]"
sola_(solo0730),bre_hul,"['bre', 'hul']","[887, 7911]"
hong_(white_spider),tc_fd,"['tc', 'fd']","[6820, 16972]"
manio,ktv_mm,"['ktv', 'mm']","[36444, 1028]"
chowbie,vj_gre,"['vj', 'gre']","[45439, 689]"
tokyogenso,hb_ht,"['hb', 'ht']","[6854, 11123]"
dotsuco,fg_blu,"['fg', 'blu']","[45977, 1263]"
jp06,bhi_psy,"['bhi', 'psy']","[28943, 3576]"
k_pring,ext_ucl,"['ext', 'ucl']","[5711, 12013]"
kanola_u,opp_tz,"['opp', 'tz']","[2020, 7710]"
hoshi_rasuku,ido_pum,"['ido', 'pum']","[6763, 37497]"
lee_hyeseung,tto_msp,"['tto', 'msp']","[8759, 41445]"
yama_yuu07,vox_uma,"['vox', 'uma']","[29215, 29982]"
shiomizu_(swat),mah_jn,"['mah', 'jn']","[7206, 24576]"
banned_artist xretakex,mtn_nyc,"['mtn', 'nyc']","[26041, 13304]"
rioshi,aje_teh,"['aje', 'teh']","[48818, 18720]"
puuzaki_puuna,dac_hab,"['dac', 'hab']","[16222, 20573]"
ayano_(katou),dof_cnn,"['dof', 'cnn']","[8277, 22405]"
aono_(f_i_s),lom_usu,"['lom', 'usu']","[9279, 4254]"
makitoshi0316,ial_kov,"['ial', 'kov']","[11530, 17733]"
kurot,aaj_med,"['aaj', 'med']","[28727, 1948]"
banned_artist raikoart zumi_(zumidraws),gou_gho,"['gou', 'gho']","[10520, 4307]"
toyoman,ohl_wei,"['ohl', 'wei']","[45547, 6958]"
aoki_(fumomo),mk_aki,"['mk', 'aki']","[11581, 18173]"
haiba_09,mk_ces,"['mk', 'ces']","[11581, 28715]"
kawacy,caf_mok,"['caf', 'mok']","[3471, 49146]"
kickylian,gly_iti,"['gly', 'iti']","[13027, 760]"
sakanasoko,sy_nex,"['sy', 'nex']","[974, 6897]"
hayashi_kewi,kv_suc,"['kv', 'suc']","[27594, 1869]"
sencha_(senchat),bab_duf,"['bab', 'duf']","[1202, 38713]"
sazanami_mio,ety_liv,"['ety', 'liv']","[25920, 13895]"
kazutake_hazano,tiv_scy,"['tiv', 'scy']","[1835, 27471]"
abarerumidori,fab_cen,"['fab', 'cen']","[2833, 1306]"
demizu_posuka,oon_miz,"['oon', 'miz']","[35651, 20881]"
terada_tera,oru_su,"['oru', 'su']","[44629, 605]"
hayabusa,uv_bw,"['uv', 'bw']","[23777, 17672]"
pon_yui,pil_idy,"['pil', 'idy']","[2893, 33058]"
rk_(rktorinegi),gye_gwy,"['gye', 'gwy']","[21728, 32226]"
rimo,igh_kak,"['igh', 'kak']","[2712, 10401]"
kekemotsu,sp_zin,"['sp', 'zin']","[588, 14085]"
sage_joh,cp_nct,"['cp', 'nct']","[7905, 27723]"
kagawa_ichigo,lou_mra,"['lou', 'mra']","[2207, 44568]"
ayul_(ayulneri_92),msc_gla,"['msc', 'gla']","[31826, 1523]"
ogata_tei,ong_qi,"['ong', 'qi']","[2787, 25054]"
navy_(navy.blue),lj_lun,"['lj', 'lun']","[34211, 3221]"
tokiwa_midori_(kyokutou_funamushi),sep_ris,"['sep', 'ris']","[3212, 6108]"
aogisa,fd_pne,"['fd', 'pne']","[16972, 30966]"
miwabe_sakura,lur_byn,"['lur', 'byn']","[14439, 46917]"
banned_artist march_ab,aq_elo,"['aq', 'elo']","[14018, 6170]"
free_style_(yohan1754),mce_yel,"['mce', 'yel']","[26864, 3323]"
shibainu_niki,dur_ord,"['dur', 'ord']","[4355, 26903]"
oguchi,wm_gle,"['wm', 'gle']","[20268, 7166]"
kh_(kh_1128),gc_mak,"['gc', 'mak']","[8577, 11271]"
popqn,mx_kup,"['mx', 'kup']","[21947, 39023]"
kuronoiparoma,emo_oun,"['emo', 'oun']","[3738, 636]"
qtian,mp_zey,"['mp', 'zey']","[1037, 46647]"
kinoruru_toiro,pp_oxi,"['pp', 'oxi']","[604, 33731]"
kisaragi_yuri,exp_mam,"['exp', 'mam']","[9923, 4404]"
mon_(monmon2133),hfx_ool,"['hfx', 'ool']","[47297, 37702]"
jetto_komusou,oto_vin,"['oto', 'vin']","[23946, 1379]"
hisha_(kan_moko),obo_jt,"['obo', 'jt']","[46001, 39480]"
tsukiyo_(skymint),maj_lse,"['maj', 'lse']","[2948, 46127]"
banned_artist maya_g,neh_exi,"['neh', 'exi']","[40416, 5297]"
suzuno_(bookshelf),bhi_etz,"['bhi', 'etz']","[28943, 36181]"
toutenkou,rte_luv,"['rte', 'luv']","[33822, 24726]"
guchico,riz_eru,"['riz', 'eru']","[18426, 36068]"
asahikawa_hiyori,olo_api,"['olo', 'api']","[14628, 23342]"
yoggi_(stretchmen),wor_edu,"['wor', 'edu']","[641, 11757]"
seon_(seonon_),ir_vip,"['ir', 'vip']","[582, 45714]"
saku_(osake_love),aaj_fsu,"['aaj', 'fsu']","[28727, 44185]"
gashi-gashi,isa_iq,"['isa', 'iq']","[11034, 15554]"
mochizuki_mochi,kcr_giz,"['kcr', 'giz']","[46181, 29237]"
nekoboshi_sakko,cbs_ac,"['cbs', 'ac']","[16788, 546]"
xe_(execut3r),sk_slo,"['sk', 'slo']","[909, 4303]"
ixy,fif_ert,"['fif', 'ert']","[5309, 40325]"
karory,muj_rha,"['muj', 'rha']","[44635, 19473]"
usashiro_mani,rc_mrs,"['rc', 'mrs']","[7575, 25003]"
yukiyama_momo,vad_cf,"['vad', 'cf']","[11880, 10189]"
mizuki_mau,cou_mex,"['cou', 'mex']","[1368, 3213]"
imai_takahiro,yw_giu,"['yw', 'giu']","[33741, 17931]"
lloule,coc_vap,"['coc', 'vap']","[23036, 10462]"
shotgunman,sna_rt,"['sna', 'rt']","[4032, 8959]"
nijihashi_sora,bek_vue,"['bek', 'vue']","[46846, 43915]"
umeume_(totoya),mak_mj,"['mak', 'mj']","[11271, 13117]"
miyako_(xxxbibit),bax_sze,"['bax', 'sze']","[21216, 44507]"
yukimaru217,woz_www,"['woz', 'www']","[44558, 26074]"
kurodeko,inc_yal,"['inc', 'yal']","[14570, 16198]"
ainy,lok_gs,"['lok', 'gs']","[19908, 25818]"
an_yasuri banned_artist,lem_dav,"['lem', 'dav']","[10213, 3700]"
houtengeki,bos_wm,"['bos', 'wm']","[14885, 20268]"
gin_(oyoyo),hus_fal,"['hus', 'fal']","[5111, 2778]"
pasoputi,ral_lor,"['ral', 'lor']","[8062, 2179]"
satsuki_neko,lau_ros,"['lau', 'ros']","[1853, 5288]"
qiangjitong,lyn_nw,"['lyn', 'nw']","[3957, 7826]"
keishin,raz_loc,"['raz', 'loc']","[9700, 1378]"
mhk_(mechamania),fb_vaz,"['fb', 'vaz']","[22637, 38142]"
naru_0,weg_acl,"['weg', 'acl']","[47867, 47593]"
salmon88,bos_ick,"['bos', 'ick']","[14885, 1168]"
yasuyuki,dc_ib,"['dc', 'ib']","[5074, 3962]"
ran'ou_(tamago_no_kimi),nyt_cy,"['nyt', 'cy']","[46311, 1470]"
suzuame_yatsumi,yuv_fx,"['yuv', 'fx']","[36784, 17807]"
uno_ryoku,emy_sql,"['emy', 'sql']","[31076, 42759]"
banned_artist moyu_marginal,ld_dh,"['ld', 'dh']","[1431, 6669]"
tan_(tangent),muh_loh,"['muh', 'loh']","[36335, 49129]"
usuke_(u_skeeep),uf_kut,"['uf', 'kut']","[17777, 17283]"
lunacle,fau_laf,"['fau', 'laf']","[5571, 47555]"
shigetake_(buroira),dp_val,"['dp', 'val']","[23820, 1214]"
miyukiyo,lur_sk,"['lur', 'sk']","[14439, 909]"
kinokohime,yy_vi,"['yy', 'vi']","[3433, 603]"
murakami_yuichi,rey_fx,"['rey', 'fx']","[9681, 17807]"
aibek,jg_uw,"['jg', 'uw']","[41986, 13933]"
tomose_shunsaku,sei_faz,"['sei', 'faz']","[13130, 26238]"
fukahire_(ruinon),gom_ony,"['gom', 'ony']","[7051, 9490]"
sencha_(senta_10),inv_luv,"['inv', 'luv']","[2279, 24726]"
banned_artist jagaimo_(kkamja),ymc_gui,"['ymc', 'gui']","[47101, 2587]"
deadnooodles,wf_ecz,"['wf', 'ecz']","[14576, 43530]"
essual_(layer_world),hyo_bm,"['hyo', 'bm']","[38960, 4773]"
kakage,sco_usu,"['sco', 'usu']","[1065, 4254]"
darjeeling_(reley),ws_amp,"['ws', 'amp']","[6300, 3521]"
yamabukiiro,nyu_azi,"['nyu', 'azi']","[43143, 23914]"
a20_(atsumaru),msp_aph,"['msp', 'aph']","[41445, 16341]"
shibuki_kamone,iac_whi,"['iac', 'whi']","[32838, 4295]"
atdan banned_artist,dji_rhu,"['dji', 'rhu']","[35284, 23897]"
puracotte,ir_ini,"['ir', 'ini']","[582, 6154]"
meo,mma_hiv,"['mma', 'hiv']","[34140, 44410]"
banned_artist muryotaro,mye_wom,"['mye', 'wom']","[27551, 1087]"
kagawa_yuusaku,aay_elo,"['aay', 'elo']","[38281, 6170]"
melon22,vay_xie,"['vay', 'xie']","[48000, 40122]"
hatoyama_itsuru,est_dof,"['est', 'dof']","[2291, 8277]"
shirosaba,du_yun,"['du', 'yun']","[691, 14976]"
kugimiya_atsuki,wc_km,"['wc', 'km']","[4842, 29954]"
zattape,ww_vou,"['ww', 'vou']","[3181, 11045]"
utsusumi_kio,res_aso,"['res', 'aso']","[4466, 30343]"
infinote,kl_lia,"['kl', 'lia']","[8498, 26118]"
tsunemi_aosa,vip_bho,"['vip', 'bho']","[45714, 19721]"
solaris_(sinhyg),nex_ky,"['nex', 'ky']","[6897, 2018]"
chai_(drawingchisanne),naq_gd,"['naq', 'gd']","[46453, 13264]"
melopun,rau_lv,"['rau', 'lv']","[27744, 10862]"
kanaria_hisagi,jau_maj,"['jau', 'maj']","[26932, 2948]"
clouble,pab_eag,"['pab', 'eag']","[9354, 3743]"
hechima_(issindotai),voc_lt,"['voc', 'lt']","[4105, 13642]"
cherico,uci_fau,"['uci', 'fau']","[46354, 5571]"
temir,der_du,"['der', 'du']","[839, 691]"
lino_chang,rey_wel,"['rey', 'wel']","[9681, 1267]"
gya_(144),lao_poc,"['lao', 'poc']","[32475, 13232]"
hikawa_shou,tle_tsi,"['tle', 'tsi']","[39141, 40048]"
core_(mayomayo),dz_uu,"['dz', 'uu']","[24421, 5702]"
take_(trude1945oneetyan),noi_gf,"['noi', 'gf']","[43115, 28953]"
lm7_(op-center),kv_heb,"['kv', 'heb']","[27594, 24700]"
nibiiro_shizuka,fck_ias,"['fck', 'ias']","[40080, 32303]"
miaogujun,eng_nal,"['eng', 'nal']","[1035, 14132]"
daby,org_ete,"['org', 'ete']","[3401, 38820]"
banned_artist usirome,dep_ury,"['dep', 'ury']","[6079, 8642]"
pentagon_(railgun_ky1206),dur_wor,"['dur', 'wor']","[4355, 641]"
banned_artist ett,vue_fw,"['vue', 'fw']","[43915, 23934]"
hayarob,ggy_fp,"['ggy', 'fp']","[24935, 28058]"
alexander_dinh,kah_jy,"['kah', 'jy']","[16068, 20979]"
takehana_note,nm_abe,"['nm', 'abe']","[15956, 15856]"
kanro_ame_(ameko),kro_nn,"['kro', 'nn']","[16193, 8947]"
satsuya,hai_ano,"['hai', 'ano']","[8734, 5617]"
sakura_tsubame,nie_ov,"['nie', 'ov']","[9524, 6420]"
zhiyan_li,nir_imo,"['nir', 'imo']","[15503, 26349]"
daimaou_ruaeru,kha_rek,"['kha', 'rek']","[7333, 47542]"
yugirlpict,pav_mez,"['pav', 'mez']","[6661, 30615]"
dm_(dai_miao),osi_rj,"['osi', 'rj']","[25247, 26016]"
yolanda,rd_atl,"['rd', 'atl']","[13501, 5411]"
gin00,hg_sno,"['hg', 'sno']","[23986, 8567]"
soyoong_jun,ili_bul,"['ili', 'bul']","[2076, 2572]"
ruoganzhao,kup_alv,"['kup', 'alv']","[39023, 20928]"
torriet,neg_wb,"['neg', 'wb']","[5513, 10726]"
betabeet,tru_ork,"['tru', 'ork']","[931, 22202]"
yuumei,eis_som,"['eis', 'som']","[13802, 734]"
irokari,bmw_vy,"['bmw', 'vy']","[26637, 11566]"
koshiro_itsuki,zal_loh,"['zal', 'loh']","[20552, 49129]"
sanmoto_gorouzaemon,sau_dm,"['sau', 'dm']","[2096, 19070]"
zawar379,kud_md,"['kud', 'md']","[40818, 8637]"
kantoku,ggy_sd,"['ggy', 'sd']","[24935, 3080]"
tsuyukusa_(eeta7273),nus_mb,"['nus', 'mb']","[25157, 758]"
bebe_(bebe_pp),cin_zil,"['cin', 'zil']","[2396, 25039]"
reinama,lp_db,"['lp', 'db']","[22282, 19100]"
uenoryoma,aar_mss,"['aar', 'mss']","[4695, 42136]"
yukisame,ric_cbc,"['ric', 'cbc']","[920, 14096]"
mr.lime,tsi_les,"['tsi', 'les']","[40048, 4339]"
nekohai_darake,xma_swe,"['xma', 'swe']","[48805, 2350]"
yuuri_nayuta,pl_tn,"['pl', 'tn']","[712, 3827]"
squchan,aze_zap,"['aze', 'zap']","[41157, 24134]"
ksk_(semicha_keisuke),bex_pto,"['bex', 'pto']","[18676, 31372]"
banned_artist mongarit,shr_wd,"['shr', 'wd']","[10118, 15998]"
majamari,alz_yul,"['alz', 'yul']","[12936, 39832]"
mitsudoue,aar_wwe,"['aar', 'wwe']","[4695, 12112]"
eumi_114,dp_kes,"['dp', 'kes']","[23820, 38398]"
suerte,mue_ies,"['mue', 'ies']","[44383, 27912]"
nedia_(nedia_region),yi_nas,"['yi', 'nas']","[5826, 3090]"
amaichi_esora,luc_sno,"['luc', 'sno']","[7013, 8567]"
ohland,ghu_jiu,"['ghu', 'jiu']","[25808, 43351]"
neki_(wakiko),der_mav,"['der', 'mav']","[839, 25697]"
chihiro_(khorosho),syn_rou,"['syn', 'rou']","[3758, 2964]"
banned_artist tetsubuta,rez_sem,"['rez', 'sem']","[27597, 8645]"
rooseputo_02,hav_dec,"['hav', 'dec']","[13443, 3063]"
mashima_saki_(mashimasa),tyr_noi,"['tyr', 'noi']","[15590, 43115]"
biya_(1024),clo_vik,"['clo', 'vik']","[1194, 10764]"
kuzaki_luta,raz_oye,"['raz', 'oye']","[9700, 48677]"
obiwan weisuoxin,aff_exi,"['aff', 'exi']","[8849, 5297]"
sheya,nca_bau,"['nca', 'bau']","[6921, 6055]"
momochi_chia,miz_des,"['miz', 'des']","[20881, 6797]"
abe_inori,ctr_nec,"['ctr', 'nec']","[35602, 25109]"
risui_(suzu_rks),uly_ef,"['uly', 'ef']","[33220, 1490]"
niii_(memstapak),eni_lt,"['eni', 'lt']","[4395, 13642]"
kaetzchen,hf_som,"['hf', 'som']","[26606, 734]"
aztodio,hol_lv,"['hol', 'lv']","[1187, 10862]"
sorashima_(117),dx_tle,"['dx', 'tle']","[22717, 39141]"
eternity_(shadeh),vh_roz,"['vh', 'roz']","[46953, 28989]"
ana_(rznuscrf),giu_pre,"['giu', 'pre']","[17931, 679]"
brat_(brabrabrat00),zab_kic,"['zab', 'kic']","[22982, 24003]"
kino_(m6t2a),sph_nir,"['sph', 'nir']","[28909, 15503]"
ouu_min,ett_nas,"['ett', 'nas']","[32729, 3090]"
geshumaro,aff_pbb,"['aff', 'pbb']","[8849, 48567]"
potg_(piotegu),heu_lah,"['heu', 'lah']","[20105, 27315]"
akasaai,fac_tro,"['fac', 'tro']","[1053, 1046]"
yuzuki_gao,agh_jj,"['agh', 'jj']","[17917, 12502]"
byulzzi,wof_ske,"['wof', 'ske']","[45671, 6261]"
maosen,anj_val,"['anj', 'val']","[22443, 1214]"
kinona,exe_sta,"['exe', 'sta']","[3554, 1363]"
yukineko1018,goe_oph,"['goe', 'oph']","[22084, 6796]"
ban!_(bansankan),osu_vn,"['osu', 'vn']","[29480, 47098]"
kuroki_(ma-na-tu),ls_tim,"['ls', 'tim']","[19051, 1292]"
shuai,dil_lul,"['dil', 'lul']","[7643, 20861]"
yaki_mayu,cli_wr,"['cli', 'wr']","[1503, 1189]"
moisture_(chichi),odi_fsu,"['odi', 'fsu']","[12223, 44185]"
timbougami,kap_waz,"['kap', 'waz']","[6804, 20889]"
duan_henglong,jul_spi,"['jul', 'spi']","[34662, 3174]"
hekicha,dur_tiv,"['dur', 'tiv']","[4355, 1835]"
mappaninatta,lun_fp,"['lun', 'fp']","[3221, 28058]"
zumi_(neronero126),msg_sli,"['msg', 'sli']","[44430, 1811]"
hao_(haozz),fic_ian,"['fic', 'ian']","[1788, 7723]"
urashima_(hidoro_mgmg),bts_meg,"['bts', 'meg']","[15154, 11500]"
ueyama_michirou,heu_loh,"['heu', 'loh']","[20105, 49129]"
creat,omg_nir,"['omg', 'nir']","[35233, 15503]"
kaedeko_(kaedelic),fon_jad,"['fon', 'jad']","[5017, 12976]"
fuya_(tempupupu),umb_qld,"['umb', 'qld']","[7493, 23039]"
esukee,sox_aur,"['sox', 'aur']","[39556, 8156]"
ulrich_(tagaragakuin),tsn_cis,"['tsn', 'cis']","[44921, 9459]"
remimim,gis_rh,"['gis', 'rh']","[16266, 8745]"
yuuki_shuri,jas_uss,"['jas', 'uss']","[4492, 11545]"
raijuu_(bakanara),que_cma,"['que', 'cma']","[1147, 30554]"
toosaka_asagi,nk_ori,"['nk', 'ori']","[22708, 1540]"
nephthys2356,nug_gug,"['nug', 'gug']","[13471, 31358]"
akina422,ker_ntv,"['ker', 'ntv']","[2352, 24807]"
gongha,ssy_zil,"['ssy', 'zil']","[22519, 25039]"
berryverrine,eic_odu,"['eic', 'odu']","[40251, 35095]"
bae.c,vor_ty,"['vor', 'ty']","[8338, 1260]"
signo_aaa,amp_kyu,"['amp', 'kyu']","[3521, 28296]"
ken_ill,xo_aze,"['xo', 'aze']","[26936, 41157]"
cutesexyrobutts,att_eng,"['att', 'eng']","[1017, 1035]"
thomasz,nec_nir,"['nec', 'nir']","[25109, 15503]"
qyan,har_hl,"['har', 'hl']","[915, 8297]"
ceey,xan_rt,"['xan', 'rt']","[45530, 8959]"
poscorn617,unt_ktv,"['unt', 'ktv']","[19654, 36444]"
fouriasensei,cbs_ech,"['cbs', 'ech']","[16788, 15797]"
ruci_misuzawa,ji_cla,"['ji', 'cla']","[3252, 940]"
seungju_lee,vul_kx,"['vul', 'kx']","[6856, 28190]"
tofuubear,jj_glo,"['jj', 'glo']","[12502, 1721]"
gurasion_(gurasion),uh_voy,"['uh', 'voy']","[17661, 10622]"
rikatan,tac_gry,"['tac', 'gry']","[3145, 16140]"
karasu_btk,md_wj,"['md', 'wj']","[8637, 19739]"
apple_caramel,ces_uma,"['ces', 'uma']","[28715, 29982]"
turisasu,reo_xie,"['reo', 'xie']","[15963, 40122]"
caba_(caba091),vec_ida,"['vec', 'ida']","[19912, 11032]"
hyurasan,idi_vr,"['idi', 'vr']","[9611, 16840]"
ushimittsu,gri_oit,"['gri', 'oit']","[2169, 18453]"
namiharuru,cma_hp,"['cma', 'hp']","[30554, 23753]"
makai_no_juumin,ias_mez,"['ias', 'mez']","[32303, 30615]"
taaro_(heather789262),ft_wf,"['ft', 'wf']","[3391, 14576]"
yon_(letter),syn_hiv,"['syn', 'hiv']","[3758, 44410]"
karameru,aak_nai,"['aak', 'nai']","[37739, 6230]"
wang-xi,daf_phe,"['daf', 'phe']","[9972, 4787]"
yuri_kyanon,hh_eri,"['hh', 'eri']","[3280, 2769]"
nekosuke_(oxo),iu_bb,"['iu', 'bb']","[14292, 1174]"
tokiwata_soul,khe_af,"['khe', 'af']","[26360, 702]"
suneru,luv_pye,"['luv', 'pye']","[24726, 31099]"
enj!,ntv_sch,"['ntv', 'sch']","[24807, 844]"
nekoyama_iori,wof_klu,"['wof', 'klu']","[45671, 21852]"
2sham banned_artist,asa_lil,"['asa', 'lil']","[39676, 6012]"
haku89,wr_rj,"['wr', 'rj']","[1189, 26016]"
shuvi_(shuvi1125),thi_fle,"['thi', 'fle']","[2362, 2428]"
sakon04,bos_ero,"['bos', 'ero']","[14885, 3211]"
yoshiki,mn_ars,"['mn', 'ars']","[5086, 42815]"
sakana_(packetsjp),yuv_weg,"['yuv', 'weg']","[36784, 47867]"
funii,sl_cb,"['sl', 'cb']","[2621, 4034]"
kiriko_(araragikoyomi),cke_gis,"['cke', 'gis']","[25224, 16266]"
betock,ctv_clt,"['ctv', 'clt']","[21213, 29651]"
dagasi,uof_tk,"['uof', 'tk']","[11155, 22344]"
jesse_(pixiv34586727),cma_wgn,"['cma', 'wgn']","[30554, 48828]"
docozi,reo_fau,"['reo', 'fau']","[15963, 5571]"
marinesnow,fli_acu,"['fli', 'acu']","[2472, 9204]"
sisoha,jin_ddy,"['jin', 'ddy']","[7927, 14981]"
zhongwu_chahui,gmb_pd,"['gmb', 'pd']","[35934, 4387]"
vayneeeee,vu_acc,"['vu', 'acc']","[8664, 26805]"
shiro_kuma_shake,smc_amo,"['smc', 'amo']","[31375, 4833]"
teffish,hab_dt,"['hab', 'dt']","[20573, 13104]"
error1980,axi_acc,"['axi', 'acc']","[30672, 26805]"
akatsuki_hijiri,seh_ish,"['seh', 'ish']","[27536, 6844]"
nurikabe_(mictlan-tecuhtli),luc_vix,"['luc', 'vix']","[7013, 28976]"
nengoro,ss_roa,"['ss', 'roa']","[690, 8313]"
ie_(raarami),uv_rsp,"['uv', 'rsp']","[23777, 16381]"
gou_lianlian_dogface,mur_ite,"['mur', 'ite']","[2144, 2732]"
hito_komoru,equ_kg,"['equ', 'kg']","[2563, 36772]"
magako,hiv_km,"['hiv', 'km']","[44410, 29954]"
rabbit_(tukenitian),vue_knu,"['vue', 'knu']","[43915, 14812]"
spencer_sais,ril_bev,"['ril', 'bev']","[12270, 40324]"
banned_artist muninshiki,myo_ese,"['myo', 'ese']","[16206, 18766]"
qingxin_gua_yu,tuf_fol,"['tuf', 'fol']","[44510, 1106]"
banned_artist terebi_(shimizu1996),kow_kah,"['kow', 'kah']","[29764, 16068]"
tsuchikure,agu_bau,"['agu', 'bau']","[3922, 6055]"
ke-ta,hol_eid,"['hol', 'eid']","[1187, 28038]"
rei_(rei's_room),ite_iti,"['ite', 'iti']","[2732, 760]"
yamamoto_souichirou,ygo_rhu,"['ygo', 'rhu']","[46166, 23897]"
ankkoyom,str_rer,"['str', 'rer']","[807, 41295]"
shennai_misha,aas_ecu,"['aas', 'ecu']","[28542, 13087]"
weri,nfl_aff,"['nfl', 'aff']","[11219, 8849]"
kubota_masaki,peu_aph,"['peu', 'aph']","[21411, 16341]"
siino,kul_smu,"['kul', 'smu']","[11325, 10878]"
hoshino_koucha,twi_lm,"['twi', 'lm']","[5537, 6981]"
shiokazunoko,kre_anz,"['kre', 'anz']","[8362, 14445]"
aamond,mtn_jen,"['mtn', 'jen']","[26041, 2554]"
liebe,nad_yd,"['nad', 'yd']","[6204, 29896]"
zombie-andy,iti_kok,"['iti', 'kok']","[760, 32045]"
haoni,jk_fle,"['jk', 'fle']","[20189, 2428]"
kita_(kitairoha),pw_kau,"['pw', 'kau']","[19419, 9299]"
asagao_minoru,apu_kno,"['apu', 'kno']","[22166, 1482]"
aratakosu_(tako's),msu_poo,"['msu', 'poo']","[26763, 6601]"
jill_07km,lyn_rup,"['lyn', 'rup']","[3957, 7996]"
masami_(souzou_jinsei_sanka),pre_ald,"['pre', 'ald']","[679, 4539]"
silveroid,mra_awk,"['mra', 'awk']","[44568, 8888]"
ice_(805482263),ety_voo,"['ety', 'voo']","[25920, 19497]"
morita_yuu,kja_oba,"['kja', 'oba']","[41048, 42902]"
aono_99,pue_hez,"['pue', 'hez']","[20161, 34591]"
falken_(yutozin),neu_ela,"['neu', 'ela']","[3855, 11284]"
kioroshin,aas_rf,"['aas', 'rf']","[28542, 35529]"
syandega,faw_sed,"['faw', 'sed']","[21800, 14034]"
kodamazon,xma_ldn,"['xma', 'ldn']","[48805, 37050]"
asagizuisen,oke_jor,"['oke', 'jor']","[26636, 2482]"
myung_yi,km_nr,"['km', 'nr']","[29954, 6574]"
alp,ond_azu,"['ond', 'azu']","[27918, 27701]"
zygocactus,lud_uto,"['lud', 'uto']","[14288, 18866]"
hokori_sakuni,rin_hed,"['rin', 'hed']","[5859, 18271]"
kimishima_ao,msg_ctu,"['msg', 'ctu']","[44430, 20834]"
a-ka,kri_kg,"['kri', 'kg']","[3679, 36772]"
ukiwakisen,jiu_dri,"['jiu', 'dri']","[43351, 1203]"
kitou_sakeru,mea_bab,"['mea', 'bab']","[46045, 1202]"
uramakaron,har_mb,"['har', 'mb']","[915, 758]"
saipaco,rak_koz,"['rak', 'koz']","[13523, 29598]"
yukichi_(tsuknak1),eg_mav,"['eg', 'mav']","[8053, 25697]"
pokira,moj_pso,"['moj', 'pso']","[34505, 27045]"
waisshu_(sougyokyuu),ky_ec,"['ky', 'ec']","[2018, 747]"
meiji_ken,py_pos,"['py', 'pos']","[4005, 1780]"
uhuhudayo505,jim_bd,"['jim', 'bd']","[3190, 24358]"
niko_(tama),hr_ino,"['hr', 'ino']","[4810, 4211]"
bluethebone,mbo_som,"['mbo', 'som']","[25733, 734]"
cacao_(chocotto),fla_esa,"['fla', 'esa']","[1577, 46834]"
eric_(tianqijiang),ks_dyn,"['ks', 'dyn']","[10470, 44289]"
biittertaste,ikh_vid,"['ikh', 'vid']","[44655, 17233]"
daidou_(demitasse),evi_ek,"['evi', 'ek']","[5348, 4212]"
garuku,mca_ved,"['mca', 'ved']","[40570, 19515]"
sakimori_(hououbds),oku_odu,"['oku', 'odu']","[45010, 35095]"
karokuchitose,yaa_ix,"['yaa', 'ix']","[48847, 13272]"
sokura_(mochichitose),anc_spn,"['anc', 'spn']","[1124, 35467]"
pora_0918,ic_pai,"['ic', 'pai']","[535, 20624]"
sakai_waka,elu_nug,"['elu', 'nug']","[14208, 13471]"
uo_denim,apr_orn,"['apr', 'orn']","[39396, 25412]"
gibagiba,maz_ecu,"['maz', 'ecu']","[9177, 13087]"
hijiri_(resetter),esk_mpu,"['esk', 'mpu']","[19359, 47156]"
kajin_(kajinman),twi_buk,"['twi', 'buk']","[5537, 28084]"
vardan,pab_hl,"['pab', 'hl']","[9354, 8297]"
myuton,del_wic,"['del', 'wic']","[1233, 7834]"
lunch_(lunch3),baz_acy,"['baz', 'acy']","[10430, 18717]"
kuroi_suna,tly_fug,"['tly', 'fug']","[37483, 29227]"
nano_(syoutamho),evo_wp,"['evo', 'wp']","[17962, 15378]"
inoue_takuya_(tactactak),ek_xan,"['ek', 'xan']","[4212, 45530]"
momozu_komamochi,vu_pra,"['vu', 'pra']","[8664, 1865]"
torisan,luv_vi,"['luv', 'vi']","[24726, 603]"
torano,pmo_wv,"['pmo', 'wv']","[18782, 18920]"
iku2727,sox_ft,"['sox', 'ft']","[39556, 3391]"
quan_(kurisu_tina),pll_hk,"['pll', 'hk']","[47629, 22648]"
tomono_rui,kro_keo,"['kro', 'keo']","[16193, 43062]"
fujino_hana,jel_ntv,"['jel', 'ntv']","[9794, 24807]"
banishment,geh_miz,"['geh', 'miz']","[30320, 20881]"
kutan,wgn_ulo,"['wgn', 'ulo']","[48828, 46084]"
abmayo,ian_kd,"['ian', 'kd']","[7723, 21826]"
sake_(utopia_modoki),rh_rik,"['rh', 'rik']","[8745, 31136]"
kyutai_x,qi_pb,"['qi', 'pb']","[25054, 20112]"
yaegashi_nan,evo_lec,"['evo', 'lec']","[17962, 944]"
ame929,thi_ht,"['thi', 'ht']","[2362, 11123]"
tomo_(torauto_saamon),fj_aze,"['fj', 'aze']","[43183, 41157]"
kuramiko,cel_fer,"['cel', 'fer']","[2269, 1765]"
lambda_(kusowarota),ern_qa,"['ern', 'qa']","[6992, 24944]"
kamioka_shun'ya,ske_ven,"['ske', 'ven']","[6261, 1240]"
kradebii,ury_upl,"['ury', 'upl']","[8642, 41939]"
nanahara_shie,abi_yur,"['abi', 'yur']","[16867, 42533]"
2gong_(9ujin_),br_auc,"['br', 'auc']","[711, 24489]"
wol_(wol_927),kee_jak,"['kee', 'jak']","[9724, 9225]"
d_omm,twy_ipo,"['twy', 'ipo']","[45861, 40218]"
yui_(linaw-key08),gt_olu,"['gt', 'olu']","[16151, 16502]"
kuwashima_rein,bez_ric,"['bez', 'ric']","[28592, 920]"
tyuraba,dia_yum,"['dia', 'yum']","[7351, 6869]"
niku_(hamuchang),tiv_syl,"['tiv', 'syl']","[1835, 6452]"
sakizaki_saki-p,rte_nsc,"['rte', 'nsc']","[33822, 32792]"
beliatan,pas_rem,"['pas', 'rem']","[1341, 15098]"
suzuki_toto,sbu_mic,"['sbu', 'mic']","[48075, 1213]"
galibo,wc_suf,"['wc', 'suf']","[4842, 21204]"
dana_(hapong07),thi_bai,"['thi', 'bai']","[2362, 6232]"
dino_(dinoartforame),pye_pai,"['pye', 'pai']","[31099, 20624]"
bshi_edayo,fli_pso,"['fli', 'pso']","[2472, 27045]"
o-miya_(ohmiya_you),jic_ffe,"['jic', 'ffe']","[48350, 1138]"
rococomm123,imv_leh,"['imv', 'leh']","[35731, 19105]"
yutou_(yutou75),unt_atl,"['unt', 'atl']","[19654, 5411]"
futaba_miwa,fli_diy,"['fli', 'diy']","[2472, 28472]"
dule_(anhaidule),eil_gy,"['eil', 'gy']","[29457, 2168]"
solar_(happymonk),css_ehr,"['css', 'ehr']","[41418, 45271]"
picter,esy_fif,"['esy', 'fif']","[46268, 5309]"
omochi_monaka,jp_xim,"['jp', 'xim']","[18249, 11217]"
amafuyu,kri_giu,"['kri', 'giu']","[3679, 17931]"
yamasuke040,ard_kev,"['ard', 'kev']","[3793, 22758]"
yasuno_(airy_light),eck_fh,"['eck', 'fh']","[25866, 21649]"
banned_artist kohanayuki,cra_edu,"['cra', 'edu']","[1184, 11757]"
himaro,dp_og,"['dp', 'og']","[23820, 11542]"
konka,kwi_tis,"['kwi', 'tis']","[35327, 7839]"
kakao_rantan,uli_msd,"['uli', 'msd']","[41841, 25804]"
guru_(nicocco),ldn_hid,"['ldn', 'hid']","[37050, 15552]"
chietori,mma_fax,"['mma', 'fax']","[34140, 32535]"
summer_tail720,dp_kae,"['dp', 'kae']","[23820, 22542]"
eureka_814,bjp_hul,"['bjp', 'hul']","[37264, 7911]"
nyaon_oekaki,rw_gri,"['rw', 'gri']","[9085, 2169]"
akira_shiun,dof_jux,"['dof', 'jux']","[8277, 33552]"
nekohanemocha,oz_jp,"['oz', 'jp']","[10584, 18249]"
rido_32alice,rb_vin,"['rb', 'vin']","[12740, 1379]"
ichino_(ame0211),ft_gg,"['ft', 'gg']","[3391, 1129]"
nekoyashiki_pushio,wl_aco,"['wl', 'aco']","[13299, 9463]"
aldehyde,vil_tak,"['vil', 'tak']","[1338, 15070]"
rubi-sama,fs_pye,"['fs', 'pye']","[23699, 31099]"
yuki_(asayuki101),abh_ilo,"['abh', 'ilo']","[27484, 4220]"
karunabaru,mdc_fcb,"['mdc', 'fcb']","[38773, 26639]"
mugetsu2501,mit_ovo,"['mit', 'ovo']","[3303, 41920]"
inu_(aerodog),yle_xy,"['yle', 'xy']","[32305, 20023]"
tapi,dd_uy,"['dd', 'uy']","[1353, 31929]"
piripun,amo_aaa,"['amo', 'aaa']","[4833, 14376]"
nakddidi,zap_hil,"['zap', 'hil']","[24134, 3508]"
river_(river_ga),fex_zen,"['fex', 'zen']","[41584, 8518]"
noir_eku,hor_iss,"['hor', 'iss']","[1407, 11738]"
kuroume_(aihikarikuroume24),ubc_ktn,"['ubc', 'ktn']","[42479, 42170]"
uminonew,nie_kc,"['nie', 'kc']","[9524, 10869]"
ikuchan_kaoru,sl_xma,"['sl', 'xma']","[2621, 48805]"
sakayama_shinta,nic_jad,"['nic', 'jad']","[2109, 12976]"
yuya_(night_lily),cin_yav,"['cin', 'yav']","[2396, 41275]"
masa_ashe,nas_twd,"['nas', 'twd']","[3090, 29440]"
kojima_takeshi,yl_lm,"['yl', 'lm']","[2656, 6981]"
hayashikana,vc_ild,"['vc', 'ild']","[28670, 22278]"
alphonse_(white_datura),has_ir,"['has', 'ir']","[13855, 582]"
eufoniuz,nax_dec,"['nax', 'dec']","[38299, 3063]"
chen_bin,rl_sc,"['rl', 'sc']","[18041, 663]"
alcxome,naq_hm,"['naq', 'hm']","[46453, 17913]"
akino_ell,vil_wv,"['vil', 'wv']","[1338, 18920]"
nekometaru,ygo_iko,"['ygo', 'iko']","[46166, 35659]"
myoushun,rr_axi,"['rr', 'axi']","[5311, 30672]"
sazaki_ichiri,ucl_ker,"['ucl', 'ker']","[12013, 2352]"
amashiro_natsuki,kf_koo,"['kf', 'koo']","[33308, 12225]"
kahlua_(artist),bm_tof,"['bm', 'tof']","[4773, 6659]"
serie_niai,wg_kom,"['wg', 'kom']","[21091, 6686]"
natsuki_marina,dru_fcb,"['dru', 'fcb']","[2275, 26639]"
ojay_tkym,pbb_mci,"['pbb', 'mci']","[48567, 46212]"
sakura_no_tomoru_hi_e,nsw_sve,"['nsw', 'sve']","[21301, 47637]"
goumudan,boe_wav,"['boe', 'wav']","[23476, 6054]"
asle,wwe_eco,"['wwe', 'eco']","[12112, 5106]"
kaneko_(bblogtinhan),ald_sk,"['ald', 'sk']","[4539, 909]"
kimidorix32,pla_leh,"['pla', 'leh']","[841, 19105]"
goma_(u_p),shu_pt,"['shu', 'pt']","[2872, 11139]"
hizuki_higure,mcg_chy,"['mcg', 'chy']","[42507, 15131]"
ninniku_mashimashi,jm_idy,"['jm', 'idy']","[24044, 33058]"
joman,rof_ved,"['rof', 'ved']","[33029, 19515]"
hitomin_(joutaro195),pok_sid,"['pok', 'sid']","[15387, 10117]"
kaguyuzu,ep_dol,"['ep', 'dol']","[1178, 2287]"
gomosawa,tn_spi,"['tn', 'spi']","[3827, 3174]"
mabushi,tk_wq,"['tk', 'wq']","[22344, 45195]"
qianqianjie,rac_agu,"['rac', 'agu']","[1773, 3922]"
kikimi,nau_swe,"['nau', 'swe']","[5955, 2350]"
sougishi_ego,ses_pl,"['ses', 'pl']","[23708, 712]"
hizuki_miya,pw_kru,"['pw', 'kru']","[19419, 10609]"
makihitsuji,moe_jon,"['moe', 'jon']","[38655, 3026]"
onineko,zim_ced,"['zim', 'ced']","[8112, 25634]"
shoutarou_(shoutarotttt),tj_epo,"['tj', 'epo']","[18890, 25810]"
k.pumpkin,spd_bab,"['spd', 'bab']","[37717, 1202]"
nanaken_nana,iel_jy,"['iel', 'jy']","[27875, 20979]"
uni_(nico02),ine_kaz,"['ine', 'kaz']","[855, 8812]"
rukako,yof_kro,"['yof', 'kro']","[5966, 16193]"
kougi_hiroshi,caf_ej,"['caf', 'ej']","[3471, 19887]"
banned_artist fanshu,moi_wei,"['moi', 'wei']","[20691, 6958]"
zoirun,reu_msh,"['reu', 'msh']","[20255, 41751]"
tyenka7728,laz_wwe,"['laz', 'wwe']","[18806, 12112]"
kocir,tok_lik,"['tok', 'lik']","[16690, 4831]"
taniguchi_daisuke_(surumenium),pgh_vip,"['pgh', 'vip']","[44862, 45714]"
vivi_(eve_no_hakoniwa),est_sli,"['est', 'sli']","[2291, 1811]"
bai_qi-qsr,eri_jw,"['eri', 'jw']","[2769, 30221]"
felutiahime,nas_zou,"['nas', 'zou']","[3090, 38072]"
daito,cke_oti,"['cke', 'oti']","[25224, 19567]"
snm_(sunimi),cer_hel,"['cer', 'hel']","[1364, 919]"
muromaki,fah_ds,"['fah', 'ds']","[25495, 3361]"
kuroduki_(pieat),gha_des,"['gha', 'des']","[10010, 6797]"
edgar_syu,lm_msd,"['lm', 'msd']","[6981, 25804]"
miwa_shirow,adm_bil,"['adm', 'bil']","[9892, 3092]"
obiwan,har_twi,"['har', 'twi']","[915, 5537]"
kyonta,mav_au,"['mav', 'au']","[25697, 627]"
kkopoli,aaj_yle,"['aaj', 'yle']","[28727, 32305]"
liu_liaoliao,agr_mtg,"['agr', 'mtg']","[36639, 49142]"
meng_ziya,gli_kir,"['gli', 'kir']","[5896, 3476]"
chela77,boi_boh,"['boi', 'boh']","[37129, 43238]"
nyoro_(nyoronyoro000),sjo_hs,"['sjo', 'hs']","[42012, 9343]"
shiben_(ugvu5784),gaf_im,"['gaf', 'im']","[21354, 732]"
amagasa_yun,nc_ony,"['nc', 'ony']","[5021, 9490]"
redol,jav_atp,"['jav', 'atp']","[6234, 38105]"
oekaki_aoba,mmy_bbq,"['mmy', 'bbq']","[28837, 41270]"
ayu_(mog),pel_fv,"['pel', 'fv']","[4286, 29795]"
feint721,rey_yav,"['rey', 'yav']","[9681, 41275]"
xilmo,anj_vak,"['anj', 'vak']","[22443, 16288]"
niwarhythm,vod_loh,"['vod', 'loh']","[11820, 49129]"
nira_(nira_box),oru_wt,"['oru', 'wt']","[44629, 15873]"
sakuramochi1003,bek_rec,"['bek', 'rec']","[46846, 1020]"
kottungyang,nug_cyn,"['nug', 'cyn']","[13471, 14324]"
iuui,dy_dd,"['dy', 'dd']","[1444, 1353]"
kesoshirou,syd_uo,"['syd', 'uo']","[4525, 30874]"
beijuu,len_wei,"['len', 'wei']","[3687, 6958]"
irodori_warabi,jur_moh,"['jur', 'moh']","[15896, 18979]"
n_kamui,sel_gd,"['sel', 'gd']","[1000, 13264]"
nakano_sora,sv_kaw,"['sv', 'kaw']","[6508, 10842]"
club3,wra_jb,"['wra', 'jb']","[3852, 21915]"
yotsumi_shiro,ja_aor,"['ja', 'aor']","[1586, 32044]"
yukiri_(l_ii),ddy_ucd,"['ddy', 'ucd']","[14981, 44746]"
autumnlll,rou_fj,"['rou', 'fj']","[2964, 43183]"
tajima_ryuushi,tml_nec,"['tml', 'nec']","[39445, 25109]"
manman_manyou_haiyang_de_paomo,bla_ir,"['bla', 'ir']","[2205, 582]"
banned_artist yufeng_kaete,acu_ofi,"['acu', 'ofi']","[9204, 36692]"
misu_kasumi,mrs_enh,"['mrs', 'enh']","[25003, 7449]"
anbe_yoshirou,adu_ee,"['adu', 'ee']","[16882, 2644]"
miyuli,vaj_pr,"['vaj', 'pr']","[34206, 766]"
ojisan_nyan,gav_yaf,"['gav', 'yaf']","[8966, 38019]"
mint-tan,dv_vou,"['dv', 'vou']","[4288, 11045]"
shimanakao_(shimanaka_sushi),kre_ghe,"['kre', 'ghe']","[8362, 10754]"
nage_(sacosui_ng),ghe_oun,"['ghe', 'oun']","[10754, 636]"
cool-kyou_shinja,kni_omo,"['kni', 'omo']","[6312, 14478]"
rosumerii,ead_bie,"['ead', 'bie']","[42556, 5561]"
sakuramochi_(sakura_frappe),aur_fer,"['aur', 'fer']","[8156, 1765]"
misaka_12003-gou,wcc_civ,"['wcc', 'civ']","[47166, 40039]"
poise,vr_yt,"['vr', 'yt']","[16840, 36777]"
poriuretan,eal_bez,"['eal', 'bez']","[48872, 28592]"
banned_artist gtunver,pt_jer,"['pt', 'jer']","[11139, 2310]"
sparrowl,pof_vig,"['pof', 'vig']","[40850, 8549]"
ao+beni,itu_jat,"['itu', 'jat']","[1668, 26106]"
sushi_mekabu,oci_usp,"['oci', 'usp']","[9891, 26651]"
piyo_(pixiv_2308057),loh_cll,"['loh', 'cll']","[49129, 46091]"
matsumoto_mitsuaki,ces_ehr,"['ces', 'ehr']","[28715, 45271]"
chiroron,ele_ath,"['ele', 'ath']","[2084, 1374]"
nowsicaa,lov_zi,"['lov', 'zi']","[8923, 2651]"
takamatsu_(yamajiai),maz_kid,"['maz', 'kid']","[9177, 3948]"
yuzuyomogi,gr_fn,"['gr', 'fn']","[709, 22773]"
jjune,rol_syn,"['rol', 'syn']","[3393, 3758]"
dolphro-kun,dur_eph,"['dur', 'eph']","[4355, 45752]"
hiyaori_(hiyahiyaval),cv_kyr,"['cv', 'kyr']","[13531, 26329]"
guzangnanfeng,ofi_hon,"['ofi', 'hon']","[36692, 1279]"
midorikawa_you,dn_tok,"['dn', 'tok']","[11552, 16690]"
ttutto,dc_sci,"['dc', 'sci']","[5074, 2267]"
aoi_yuki,gw_uru,"['gw', 'uru']","[7172, 16322]"
yamashita_bungo,glo_shu,"['glo', 'shu']","[1721, 2872]"
sakifox,ida_zir,"['ida', 'zir']","[11032, 31892]"
kotomaru,yel_cz,"['yel', 'cz']","[3323, 22898]"
lalazyt,ryo_zou,"['ryo', 'zou']","[24460, 38072]"
jazz_jack,acy_hof,"['acy', 'hof']","[18717, 20186]"
ha_ze,cau_ada,"['cau', 'ada']","[1121, 25785]"
u_ronnta,nsw_vid,"['nsw', 'vid']","[21301, 17233]"
doushimasho,qad_df,"['qad', 'df']","[27844, 12908]"
meion,xxx_gg,"['xxx', 'gg']","[33923, 1129]"
nezumidoshi,yol_gp,"['yol', 'gp']","[19387, 19329]"
usagi_poi,eq_vre,"['eq', 'vre']","[39331, 44500]"
l_ract,ito_kus,"['ito', 'kus']","[22167, 27618]"
mendou_kusai,rak_usa,"['rak', 'usa']","[13523, 9491]"
cui_(jidanhaidaitang),yl_beu,"['yl', 'beu']","[2656, 38660]"
suaynnai_wanzi,lah_sby,"['lah', 'sby']","[27315, 26519]"
senmu_(senmudayo),lg_gai,"['lg', 'gai']","[4546, 24214]"
naruka_(ynarukay),val_ep,"['val', 'ep']","[1214, 1178]"
kamue,mom_abr,"['mom', 'abr']","[1614, 44932]"
darkavey,aul_oro,"['aul', 'oro']","[20695, 9848]"
kimblee,wsb_ib,"['wsb', 'ib']","[30681, 3962]"
umakuchi_shouyu,hef_izz,"['hef', 'izz']","[29473, 31779]"
mitsunari_miyako,tro_wac,"['tro', 'wac']","[1046, 27445]"
mugino_kouji,tsh_ote,"['tsh', 'ote']","[42872, 28511]"
yuyuko_(yuyucocco),wc_adu,"['wc', 'adu']","[4842, 16882]"
gnsn_tori,rhy_wv,"['rhy', 'wv']","[7740, 18920]"
9_wapuwapu,spl_fah,"['spl', 'fah']","[2470, 25495]"
nixeu,vj_adu,"['vj', 'adu']","[45439, 16882]"
glassy0302,lt_xen,"['lt', 'xen']","[13642, 15568]"
nori_(oonori_san),wg_eso,"['wg', 'eso']","[21091, 29890]"
kitsune_(ly_howe),gh_smo,"['gh', 'smo']","[583, 2513]"
dk.senie,moj_vak,"['moj', 'vak']","[34505, 16288]"
bum_hico,naj_oul,"['naj', 'oul']","[30985, 20253]"
elemoncake,kre_kus,"['kre', 'kus']","[8362, 27618]"
ponknsktrop,ati_gre,"['ati', 'gre']","[591, 689]"
itktwstn,tl_mk,"['tl', 'mk']","[14325, 11581]"
pankona_(ubsssss),ofe_vip,"['ofe', 'vip']","[30000, 45714]"
amiri_ari,tk_gru,"['tk', 'gru']","[22344, 5957]"
nekoshoko,eng_pr,"['eng', 'pr']","[1035, 766]"
suzuki_iori,co_rj,"['co', 'rj']","[622, 26016]"
potti-p,wl_phd,"['wl', 'phd']","[13299, 20875]"
